Ticker,PE Ratio,ROE,Beta (info),PB Ratio,Open Price,Close Price,Volume,RSI,Put/Call Ratio,Implied Volatility,Alpha,Beta (regression)
MMM,13.667708,1.1329399,1.001,15.393008,133.8300018310547,131.2100067138672,4661700,54.16132316323902,0.25532359081419626,0.9321498815917969,0.001303039798886049,0.6901338500932639
AOS,17.831135,0.29544002,1.169,5.1123385,67.87999725341797,67.58000183105469,1343700,31.04036951328184,2.168627450980392,1.2694738764953613,-0.0011524620389403455,0.7686598254826792
ABT,34.136776,0.14840001,0.722,4.8949614,113.7699966430664,112.30999755859375,5108700,41.25043189572969,0.5230234578627281,1.0624714813093705,3.1874018741141275e-06,0.16457656441027235
ABBV,61.034843,0.56407,0.613,51.324345,176.86000061035156,175.1699981689453,5372200,45.623863822460095,0.37741607324516785,0.9127828667340959,0.0003906482755673705,0.23980203148852092
ACN,29.320202,0.26674998,1.245,7.7315326,355.0299987792969,349.7900085449219,2830000,41.27462345219996,0.3855271366188397,0.9837454734353459,-0.0002864493336877969,0.6559253211317673
ADBE,32.894653,0.35355,1.299,12.419152,410.0,405.9200134277344,5558600,8.196622679136052,1.465806598926818,1.5251948903397867,-0.0022144944537307136,1.1992026592815477
AMD,102.69027,0.03262,1.706,3.3049471,118.18000030517578,116.04000091552734,59251100,34.00843955299441,0.7723026438967668,1.3385656433105466,-0.002254878357753165,2.1663757749349855
AES,8.347222,-0.02549,1.09,2.5977957,12.300000190734863,12.020000457763672,16106300,27.682444359998886,0.9715808170515098,2.66032862612517,-0.0015939653572588264,0.60859932741002
AFL,15.005943,0.16038,0.958,2.264299,102.36000061035156,100.98999786376953,2176300,38.904419249360636,0.5184016824395373,1.071623876058889,0.0008089188660748911,0.2982996214801107
A,31.031605,N/A,N/A,N/A,134.75,137.47000122070312,1369900,52.318433601518734,1.7327586206896552,1.3164024817504882,-0.00031292809792297444,0.7745954741435449
APD,17.009867,0.2258,0.826,3.8294091,293.7200012207031,293.0799865722656,2423500,45.92473819299227,1.6068866571018652,1.0200656067489997,0.0002567480718705348,0.3508925362565906
ABNB,45.010418,0.20873,1.156,9.743687,131.3000030517578,129.6300048828125,4321800,37.091855704542255,0.45740337506804574,1.056313811438609,-0.001234383655509368,1.3527485153955436
AKAM,26.31065,0.11541,0.678,2.7940807,92.3499984741211,88.93000030517578,2433700,20.040260571018564,2.366952789699571,2.5562729956359864,-0.0013716113770220956,0.7182815864483453
ALB,N/A,-0.17662,1.551,1.2704449,85.69999694824219,86.52999877929688,1691100,28.51793742698258,1.5066162570888468,2.2007345418641626,-0.0024299649945618597,1.7987959322052665
ARE,57.92073,0.02132,1.176,0.8981147,96.0,94.98999786376953,1780600,31.294605005757443,0.3140495867768595,1.1677574109375,-0.0014089697481183524,0.7812719421658254
ALGN,36.25983,0.11401,1.65,4.0203176,211.0,212.1199951171875,758800,37.551164323860505,1.8407310704960835,2.410028089828491,-0.0019431109324228302,1.3679633871547208
ALLE,19.416924,0.40822,1.123,6.9833455,127.12000274658203,126.20999908447266,741500,22.909833227788525,1.4444444444444444,1.0189063696289062,-0.00026572436697595045,0.7164120145928872
LNT,22.046694,0.096540004,0.574,2.0865402,57.83000183105469,56.65999984741211,1381000,27.030344086964487,1.0606060606060606,0.9684913700045072,0.0007258376487521034,0.09398900769935906
ALL,11.699418,0.23783001,0.481,2.5409238,188.6199951171875,180.99000549316406,4641400,31.514875227611913,5.510695187165775,1.4430563087515993,0.0009335266706302521,0.24165257573233662
GOOGL,25.43576,0.32101002,1.034,7.4977546,194.3000030517578,192.0399932861328,26653900,46.80224923367507,0.4198889677877477,1.3399378511493387,0.0003222855820626644,1.2347707140795179
GOOG,25.653385,0.32101002,1.034,7.541873,195.4199981689453,193.1699981689453,20739800,46.380584689468265,0.3505441413303402,1.3721941233696369,0.00030825125838895937,1.229658098534258
MO,8.592905,N/A,0.67,N/A,51.150001525878906,50.869998931884766,11993400,28.95133835468313,1.5425138632162663,1.2486167535721628,0.0011825351355588163,0.07534052622420721
AMZN,46.682304,0.22558,1.146,8.880146,221.4600067138672,218.94000244140625,36785700,38.51582694468717,0.736653846487763,1.2571699791620814,0.00022965182661836337,1.5366764596789242
AMCR,17.754717,0.1958,0.863,3.4684849,9.470000267028809,9.40999984741211,17117100,35.91230684431067,0.45288753799392095,3.578728832256611,-0.00020273677060698886,0.42846596348179194
AEE,20.715294,0.09838,0.462,1.98579,88.69000244140625,88.04000091552734,1095600,43.23053539007793,1.0,0.6871137226562499,0.000992325865019673,0.05897212373251349
AEP,18.852823,0.10182,0.539,1.8706117,93.1500015258789,93.51000213623047,7725700,57.96975814338499,1.5351257588898526,1.4881633337593076,0.0007842364351170212,-0.005123931523469107
AXP,21.597937,0.3469,1.214,6.950731,300.42999267578125,293.29998779296875,2685000,39.96119617232862,0.13203033838973163,1.5900553565266933,0.0012425820525450494,1.0085352585497736
AIG,14.015904,0.085,1.069,0.98659354,69.23999786376953,70.5,7175200,32.88334943956696,6.398148148148148,1.9540378262329101,-0.00023010974334998827,0.7170250824299284
AMT,41.797592,0.17691,0.842,22.258438,173.55999755859375,173.4600067138672,3539200,24.249518940503318,3.977707006369427,2.0910864306182857,-0.000352434027256522,0.018672525787292484
AWK,24.031746,0.097040005,0.698,2.2781048,121.75,121.12000274658203,1309000,24.012473831475372,0.5103448275862069,0.7976851301269532,-0.0003030833191219927,0.21385157679087097
AMP,19.727516,0.56751,1.334,8.7690525,528.3200073242188,515.47998046875,437000,31.689368015147963,6.37037037037037,0.7272250785827638,0.0007674650223135956,0.8617516062569422
AME,30.688154,0.14886,1.163,4.2663727,176.24000549316406,176.14999389648438,1430900,24.643903013397118,9.333333333333334,0.41968353759765625,-0.00016533083473826228,0.7036227999039325
AMGN,33.447704,0.5572,0.599,18.725365,260.7900085449219,262.2300109863281,2721800,43.06654999502517,0.8373794479547721,1.5812629950288053,-0.0008734365188723392,0.6406235687726283
APH,40.114285,0.25293,1.238,8.9517975,70.87000274658203,70.19999694824219,4530700,41.41359374354693,4.4219308700834326,1.047150408718533,0.00043112710326536534,1.5116811625008526
ADI,64.944954,0.04658,1.078,2.9963176,217.5399932861328,212.3699951171875,4108500,44.73613364949032,0.419921875,1.666196855394013,-0.0005579245951958398,1.6206800469114357
ANSS,52.05085,0.10479999,1.111,5.066669,340.0299987792969,337.80999755859375,470300,45.90074307694468,2.7142857142857144,1.0797624632335845,-0.001118502276673502,1.1889199633428331
AON,29.949444,0.82182,0.909,12.118512,348.260009765625,349.510009765625,971300,33.98641072318072,4.43312101910828,0.5863442047409784,0.000525144019954319,0.2797564528222789
APA,3.3636365,0.6186,3.246,1.7128391,24.25,23.68000030517578,5845600,70.3965373644585,0.29967514889009206,1.2983311879006414,-0.0012952978964325414,0.4643355889918267
APO,16.426004,0.33501,1.589,5.3398623,160.0,155.38999938964844,4502700,22.6186403877624,2.143592677345538,2.2912645696512857,0.001052689687187902,1.5087538753300502
AAPL,38.891624,1.5741299,1.24,62.87497,240.00999450683594,236.85000610351562,61679400,30.05896562075161,0.8544975631990464,1.9497761211776732,0.0003696065674951639,0.9301775844483012
AMAT,19.912992,0.4391,1.551,7.5110483,174.72000122070312,171.64999389648438,6323900,53.246532979409494,0.9308270676691729,1.539474467919193,-0.0009730899343384294,2.2255990451064678
APTV,6.6091313,0.24212,1.817,1.5702304,60.0,59.349998474121094,3587400,47.662340665482745,1.9321930360415394,1.771472997011127,-0.0020011621838501533,1.143262836935668
ACGL,6.0516777,0.30441,0.613,1.5754621,91.04000091552734,90.16999816894531,2896400,38.84616866488044,2.557823129251701,1.0457798433430991,0.0006641600820862523,0.3938321113160287
ADM,14.351124,0.1075,0.722,1.0860739,49.689998626708984,51.09000015258789,4497600,50.78706280804101,1.7737035096909377,1.3244935472005206,-0.001282909067284629,0.3793403777725502
ANET,54.971153,0.33833998,1.077,3.8936183,115.25,114.33999633789062,5371800,55.53980218380729,0.8235294117647058,1.5376058138090989,0.000796942600023243,2.216529515752718
AJG,54.66857,0.10321999,0.727,5.168278,285.989990234375,287.010009765625,3074500,56.41139042401357,1.3259668508287292,0.8889390072631835,0.0006349719843693396,0.33185893344720835
AIZ,14.208571,0.15215,0.568,1.944648,202.49000549316406,198.9199981689453,374000,22.861061492675727,0.47058823529411764,0.9404131882731118,0.0004716269288673338,0.5692424059167096
T,17.634146,0.08759,0.73,1.5203983,21.8799991607666,21.690000534057617,41570700,23.89753551344086,0.5879755434782609,1.9544503970875462,0.0016017573729496814,-0.1039618840273944
ATO,20.09384,0.090179995,0.672,1.746066,138.32000732421875,137.0399932861328,779800,42.06311898300446,0.17,0.7334683269856772,0.0006825615339074718,0.25885372141648477
ADSK,56.53968,0.57445997,1.474,32.87494,291.3699951171875,284.9599914550781,2352200,29.519278506545014,9.83495145631068,0.7965680206700374,-0.00017955536997575866,1.3016100995498605
ADP,30.679144,0.87263,0.795,21.865232,290.19000244140625,286.8500061035156,2292500,36.06946024201421,0.6458823529411765,1.101126255902377,0.0006283495233005595,0.4171151715703133
AZO,21.739237,N/A,0.713,N/A,3235.010009765625,3251.320068359375,132900,45.29098638858019,1.5450819672131149,0.6383874457314436,0.0007608747956328256,0.41694613626248556
AVB,28.833107,0.08808,0.985,2.5191534,212.0,210.77000427246094,857400,31.21598315525334,0.38461538461538464,1.0731163487548827,0.00037158260722781856,0.4849950887569691
AVY,22.165468,0.30241,0.896,6.2116933,185.35000610351562,184.86000061035156,431400,33.94503248453148,0.6590909090909091,0.9606516074371336,-0.0007056408873124633,0.7239632771147236
AXON,146.90721,0.16424,0.943,20.652922,572.0,570.0,482800,30.727720035302553,2.3773584905660377,2.41685586674426,0.002817173383800322,1.042782484924521
BKR,19.399103,0.14292,1.363,2.6429617,43.90999984741211,43.2599983215332,6873000,68.09514226307226,0.4027355623100304,1.0003406520080567,0.0008851618371459402,0.7825073936133357
BALL,21.670832,0.14048,0.899,2.335114,52.720001220703125,52.0099983215332,3735700,13.843980707159476,1.5192982456140351,2.8648399679904517,-0.0007545238576563785,0.7662962493798764
BAC,16.344204,0.08092,1.325,1.2753386,46.0,45.11000061035156,40732200,49.651014972979766,1.1596027614305116,1.260621632965686,0.0008111987982630829,0.8155066648697892
BAX,117.68,0.01627,0.604,1.9077882,29.280000686645508,29.420000076293945,5954500,42.73083954895985,47.95918367346939,2.0876416398374493,-0.0013506428811574894,0.43883724827659054
BDX,39.807495,0.05633,0.45,2.6117134,232.25,233.6699981689453,2597900,72.3030997122451,0.2247081712062257,1.246717848741686,-0.00013377582427703916,0.2855392003967503
BBY,14.258561,0.4241,1.493,5.874841,83.68000030517578,83.2699966430664,2139400,37.63397677166727,0.5440888308295232,1.1637652139282226,0.00030395218353963945,0.6222860063532485
TECH,77.16842,0.07287,1.278,5.446103,73.37000274658203,73.30999755859375,1034500,43.96136907468136,0.9375,1.407673455699574,-0.000500703809860242,0.9969862366561801
BIIB,13.455696,0.1047,-0.061,1.3254601,149.17999267578125,148.82000732421875,1256300,39.660090369867326,2.629370629370629,2.1119382815000747,-0.0023946860157457468,0.6034498326829635
BLK,23.584402,0.1505,1.311,3.4336388,979.7899780273438,955.6400146484375,907700,20.33812036151997,1.2256500661084178,1.723229323102392,0.000295104454564979,0.8339387167243444
BX,56.45548,0.22041,1.486,18.063774,171.6699981689453,164.85000610351562,5077900,26.975029612242608,1.7807348092322186,1.5530423492691368,0.0005599770841138991,1.3468190238740663
BK,16.872484,0.08563,1.06,1.4565188,77.4000015258789,75.41999816894531,3577400,31.75136428440002,0.7988980716253443,1.3971698125510992,0.0011984997741544196,0.6180163424805164
BA,N/A,N/A,1.572,N/A,171.49000549316406,172.0,7551300,49.72141881438088,0.7520964579248196,1.1537514407145182,-0.0014338516969335641,0.687414088446404
BKNG,32.05214,N/A,1.385,N/A,4809.2099609375,4739.5498046875,306200,24.209896426279347,0.9994134897360704,0.9046847977247647,0.0005154957347308227,1.0445541192865073
BWA,7.6831684,0.15923999,1.186,1.1027427,31.299999237060547,31.040000915527344,3843800,29.162634056810706,1.9855072463768115,1.8577509374999999,-0.001033329812247155,1.0648114468353989
BSX,78.413216,0.08916,0.797,6.751103,95.4800033569336,94.87999725341797,5944400,69.17093947131016,0.9300911854103343,1.1866981675653872,0.001505635047919629,0.5243410491389743
BMY,N/A,-0.3133,0.441,6.604756,56.36000061035156,55.83000183105469,9679800,45.274885416723144,1.3311973018549748,1.101815785717254,0.0007127344038498055,0.1533133990336108
AVGO,172.54616,0.12509,1.187,3.7876766,227.3000030517578,224.30999755859375,23849700,54.12772076107751,0.7689814210503415,3.687619057403999,0.0012702781337076184,2.581994728877423
BR,38.31488,0.31812,1.06,11.733602,227.6300048828125,221.4600067138672,642700,35.08478698496973,1.7777777777777777,0.4529473651123047,8.545690923791004e-05,0.6413544680029228
BRO,27.77929,0.18144,0.825,4.5108624,101.1500015258789,101.94999694824219,1902000,45.250603281945786,1.9666666666666666,0.6070351796875,0.001021337782293557,0.49202092693509214
BLDR,13.681331,0.27435,2.081,3.6372144,141.02000427246094,139.9600067138672,1772400,19.987404884320004,1.2450879007238884,4.012603609456601,-0.0015601455642813634,1.4822071167571238
BG,10.294044,0.10922,0.655,1.1189332,77.52999877929688,81.22000122070312,2349800,55.472023635549554,1.6358325219084713,1.3687567525087554,-0.0008617341733877511,0.29026361297446146
BXP,29.630436,0.058280002,1.195,1.869428,68.20999908447266,68.1500015258789,1886400,23.469394043206073,0.5187601957585645,2.761515506474422,-0.0005949868429746919,1.1431040331044455
CHRW,35.21107,0.22818,0.842,7.3266616,103.0,101.76000213623047,849800,29.9646435971691,0.31952662721893493,1.6296882335662841,0.0007358317071242868,0.30409980727859065
CDNS,78.68421,0.27072,1.02,17.96983,298.7699890136719,299.0,1330500,41.31539450725624,1.5802919708029197,1.5676642469250315,-0.0008825023006822807,1.8280633542809017
CZR,N/A,-0.063769996,2.962,1.5947839,31.270000457763672,31.43000030517578,6036500,25.276375980882666,0.3394495412844037,1.719347594631029,-0.0025180161492048677,1.670126118334236
CPT,34.435333,0.07229,0.92,2.664909,109.3499984741211,109.16000366210938,1106900,30.085641544578046,7.176470588235294,1.0268584423828124,0.00020740779118903703,0.5444695751035367
CPB,20.620218,0.15203,0.181,2.963792,38.86000061035156,37.7400016784668,3752200,17.75785623225598,3.5252140818268316,1.8204607989275898,-5.388159268655379e-05,-0.1501295880214864
COF,16.552406,0.07479,1.432,1.1514283,179.08999633789062,175.2899932861328,4405100,35.17725780580227,1.487915407854985,1.5418330074102229,0.000639494434641149,1.0829208518741673
CAH,23.378847,N/A,0.616,N/A,121.81999969482422,121.56999969482422,1974300,70.50152217144628,0.3645898364340117,1.4575131232638887,0.0006462352963453267,0.12617022543721676
KMX,26.646257,0.06853,1.686,2.0329041,80.54000091552734,78.33999633789062,1793600,31.272068483476218,0.9658634538152611,1.6303096896444782,-0.00027074277829300874,1.1285179860312275
CCL,16.854166,0.20120001,2.668,3.5770082,23.549999237060547,24.270000457763672,20685100,34.66788661096357,0.36544600938967137,2.524595166126598,0.00035894661302192875,1.4271618521305611
CARR,39.12353,0.13931,1.212,4.0639133,67.6500015258789,66.51000213623047,6005700,28.389000543141016,4.165322580645161,1.686984341351909,-0.0001486809194214451,1.2418868796740947
CAT,16.287704,0.53475,1.095,8.73656,357.8299865722656,351.0,2773900,19.688121138737735,0.9469057665260197,2.2491148997806856,-2.494026153802018e-05,1.2070835644966427
CBOE,26.049114,0.19518,0.666,4.749397,192.05999755859375,190.94000244140625,779900,35.46721485435614,0.12547819433817903,1.9633501982823813,0.0008748226215470956,-0.5142147109247382
CBRE,40.022655,0.11434,1.395,4.279683,127.0,123.66999816894531,2800700,30.274721613855785,12.324675324675324,1.1055559665807089,0.0011116808403873282,0.8315699752511236
CDW,22.361418,0.53360003,1.053,10.383853,179.47000122070312,183.13999938964844,1784000,64.54774217771354,1.3018867924528301,0.6079318838936941,-0.0014720973463958642,0.9825983818072688
CE,6.4751,0.15095,1.304,0.9765514,64.55000305175781,65.01000213623047,1939800,32.61491882501529,0.49324324324324326,1.4020681340680805,-0.003492379852883234,0.698888058417566
COR,31.366533,2.0911798,0.436,58.92964,237.07000732421875,236.19000244140625,1359700,67.90556275691434,1.3636363636363635,0.9007500588463093,0.00034370830969046595,0.09999696955888457
CNC,10.678757,0.11559,0.493,1.1549454,62.88999938964844,61.83000183105469,5179000,64.86814244566308,0.2989556135770235,2.184356388441298,-0.0010043797555572796,0.2961115593879652
CNP,20.786667,0.09573,0.917,1.9288585,31.020000457763672,31.18000030517578,4826300,42.183385116533195,5.043478260869565,0.852632217684659,0.00036823195716607373,0.23351588380412575
CF,14.066562,0.1792,0.957,2.9790235,87.4000015258789,88.76000213623047,1811100,55.57475824587864,0.1433666191155492,0.8941954887418926,0.00024299521411821543,0.4508330694801227
CRL,23.265,0.11924,1.376,2.5162232,183.97000122070312,186.1199951171875,911500,43.94370649789722,0.5494505494505495,1.5671676059801827,-0.0015216855385822466,1.4310359067158167
SCHW,28.425781,0.12111,0.952,3.501419,71.91999816894531,72.7699966430664,10866000,25.10628668202144,2.2288575667655786,1.5018655784098307,5.449706945601367e-05,0.6596057134859736
CHTR,10.491542,0.32965,1.036,3.3775418,344.4700012207031,334.8900146484375,1259500,28.50202866690061,2.3776978417266186,2.0320570320320126,-0.0005336811359768485,0.7389454377340888
CVX,16.828571,0.103520006,1.078,1.7618703,153.41000366210938,153.13999938964844,11073700,62.5927554113798,0.3047101672942774,0.9145600653076171,1.743760882926996e-05,0.4056394405698608
CMG,52.31481,0.45673,1.266,21.320753,57.540000915527344,56.5,10560100,12.188741764334875,1.216543994647039,1.3765636967100712,0.0003541012415183688,0.8869464167786664
CB,10.57055,0.16125,0.681,1.5795408,259.0899963378906,257.7099914550781,4170100,20.777320914434803,5.143337066069429,1.761807846150953,0.0005200874632346484,0.2554386013218915
CHD,45.47982,0.13338,0.55,5.923373,101.45999908447266,101.41999816894531,1537800,29.73217588929296,0.5942028985507246,0.9100102454552285,0.0002976585711245466,0.00293970482983448
CI,26.444548,0.07606,0.511,1.8524247,277.05999755859375,278.989990234375,1527200,44.93342236990665,1.3672665916760405,2.033777079105065,-0.0003077726842674221,0.11029179472350949
CINF,6.9671125,0.25135002,0.666,1.5351518,139.19000244140625,135.5800018310547,1151800,19.14605525328651,17.19607843137255,0.8909837943892046,0.0008542876771914618,0.4763733301156872
CTAS,45.614456,0.40462002,1.313,17.762974,191.5,189.3000030517578,2331000,40.23481699500176,0.5170556552962298,3.004692948303222,0.0005956744263765914,0.7544521975761249
CSCO,25.210302,0.20761,N/A,5.176243,58.790000915527344,58.7400016784668,17274000,52.630154768574265,0.37891175641387087,1.071328923756669,0.00023446031398346914,0.6715926964641676
C,20.34188,0.03874,1.426,0.70063883,72.45999908447266,71.4000015258789,13206700,50.16974707242009,0.7796296296296297,1.2108118790357938,0.0006603961844192695,1.1172519408871717
CFG,16.980392,0.05426,1.32,0.84477913,43.900001525878906,43.29999923706055,4074800,36.0544998172947,0.6825396825396826,1.93071742779541,0.0007658847012499668,0.9749586622955351
CLX,54.711807,2.08451,0.399,324.8866,158.99000549316406,157.57000732421875,874400,34.281058006788975,3.2,1.3431379183156864,0.0005917502617339388,0.10800158418368452
CME,24.100945,0.12297,0.559,2.9207125,228.92999267578125,229.1999969482422,2739700,46.129681789821596,0.08672420879572544,1.4752309349101296,0.000915134769597953,-0.0644511825885783
CMS,18.597141,0.11501,0.407,2.4659038,65.98999786376953,65.08999633789062,2559600,34.99997880910426,5.666666666666667,0.7061796960449218,0.0007436551049085152,-0.0013673280068963593
KO,25.340248,0.3723,0.62,9.92524,61.58000183105469,61.06999969482422,22421200,37.93814025054511,0.519517709118312,1.226200729949951,0.00023958104419040987,0.04480100815433052
CTSH,16.663717,0.16478,1.052,2.5850294,75.19999694824219,75.31999969482422,2985700,25.011311627636257,3.013029315960912,1.0989270152452257,-0.000475044852546548,0.7679535428976864
CL,24.816092,4.87923,0.415,162.33083,86.37000274658203,86.36000061035156,6711100,12.829021187722725,2.5368338557993733,1.918302928004909,0.0004367819120627247,0.03166498100785196
CMCSA,9.800539,0.16884,1.004,1.6253911,36.790000915527344,36.36000061035156,27686600,29.632454934800194,4.61667488899852,1.2399024317932128,-0.0008142473898038367,0.500388246594063
CAG,25.184467,0.05605,0.332,1.4696052,26.350000381469727,25.940000534057617,5528900,23.69522109996911,2.5714285714285716,1.6518595775349934,-3.950674073163704e-05,0.008957976364698684
COP,12.090154,0.20376,1.22,2.351638,103.5,101.91999816894531,7013200,61.96492636680315,2.4095216606498195,0.7961230446886661,-0.0003748551294268563,0.25872715622331166
ED,16.56955,0.08582,0.353,1.392817,88.22000122070312,88.1500015258789,2243200,30.223003933666522,1.0698924731182795,0.9540146019744873,0.00014760354109648603,-0.06279073781085474
STZ,48.482666,0.07111,0.893,3.4127982,203.11000061035156,181.80999755859375,8697600,7.047170726649955,1.9538618404282437,1.8114735908674766,-0.0007809028448376083,0.31009368464829445
CEG,33.68543,0.22846001,0.776,7.599353,282.489990234375,305.19000244140625,14700600,77.76888697639119,0.7805172413793103,1.3924277735990633,0.0022245209671291413,1.6390625767530973
COO,46.076527,0.0465,0.99,2.2688673,90.7699966430664,90.30999755859375,1945200,30.24694780216504,3.6785714285714284,0.808488840874566,-0.00047313611654063297,0.5064447636634727
CPRT,38.909092,0.20129,1.271,7.121464,56.209999084472656,55.63999938964844,4060100,21.6423107806422,0.1800356506238859,2.115308023623512,1.3670208556290642e-05,0.8752420386352022
GLW,248.0,0.019299999,1.029,3.4545453,47.36000061035156,47.119998931884766,4492300,44.904356429687084,0.530920060331825,1.2752882006072999,0.0012682286504990834,0.8490704291777554
CPAY,24.867239,0.32836,1.214,7.862737,353.5400085449219,348.3900146484375,722400,47.47675745837541,0.058823529411764705,0.6203651245117188,0.00038331305098454475,0.8291995077236629
CTVA,59.46875,0.02704,0.773,1.5905164,55.68000030517578,57.09000015258789,3886500,42.56778861140578,0.5821917808219178,2.2686731864659926,0.0003892106157897421,0.7823351509959456
CSGP,166.35715,0.02386,0.823,3.819494,70.33000183105469,69.87000274658203,2769300,33.28016995770586,0.9114583333333334,2.726514078626131,-0.0010929614642658748,0.7836799212505283
COST,54.952496,0.30267,0.789,17.575974,933.3599853515625,936.9400024414062,2764700,39.197957359716575,0.4106751424813678,0.94595237621024,0.0006403870908174692,0.8299100614239305
CTRA,16.830303,0.095979996,0.197,1.5681293,27.969999313354492,27.770000457763672,11810300,80.96590236367392,0.5525641025641026,1.0113249598524303,3.3646281484742764e-05,0.574458830806352
CRWD,670.8462,0.07334,1.102,36.619778,354.9100036621094,348.8399963378906,2827900,42.718739562729674,0.5610290724503922,2.1580401561598346,-0.00031946822489544043,1.8986707328679915
CCI,29.904257,0.20527,0.875,6.926489,86.11000061035156,84.33000183105469,4119700,13.184006064584553,1.592920353982301,2.2062840276950744,-0.0007788700517447889,0.10929955074907845
CSX,16.904255,0.29458,1.191,4.7397466,31.93000030517578,31.780000686645508,13644200,32.87041499448703,3.419294990723562,1.697904654296875,-0.0007767745802098234,0.7165765626500813
CMI,23.25557,0.19375,0.971,4.719651,357.010009765625,354.8800048828125,688500,42.555656586225105,0.9428571428571428,0.8583909393145586,0.0012060866627636281,0.750980359189145
CVS,12.185279,0.06697,0.543,0.8058884,46.41999816894531,48.0099983215332,16813800,55.65809994297177,0.3994943109987358,1.5286513927459717,-0.0020990833174845663,0.41470863558862603
DHR,44.436676,0.07586,0.881,3.3093538,235.5500030517578,235.07000732421875,2863300,54.45041792074374,1.058974358974359,2.5729016045870097,-0.00029294855101016335,0.6535645123571374
DRI,20.573715,0.48619,1.309,9.542034,180.38999938964844,180.02000427246094,1293300,55.25116633534428,0.06204280682741804,0.9869893079376222,0.0002452431169273966,0.6364351282113094
DVA,16.530172,0.44884,0.887,32.77778,152.6300048828125,153.39999389648438,458500,51.84148822576738,1.6176470588235294,1.1509079311612755,0.001123316453348246,0.451333660268681
DAY,206.73529,0.02194,1.271,4.3394246,69.0,70.29000091552734,1158000,28.106454788752515,0.436426116838488,0.8861645786830357,-0.0004994795944217274,1.1927102360307518
DECK,36.660778,0.4357,1.053,14.187064,207.0,207.5,1526100,52.420514572944164,0.35332933413317336,0.7555819041090746,0.0011949263219130145,1.5660878249876777
DE,15.947307,0.35481,0.935,4.847137,405.8900146484375,408.57000732421875,1699200,22.542844166162702,0.4336283185840708,1.1257251367608432,-0.0001876785070327041,0.6251346503134106
DELL,20.313272,N/A,0.954,N/A,117.91999816894531,114.7699966430664,8204600,42.89665589136201,1.0295520805724887,2.5612796326567,0.00044503324088915135,2.170266193635544
DAL,12.560975,0.4067,1.341,3.1454074,64.98999786376953,66.94999694824219,27221900,71.4873179075266,0.3768699901410262,1.1881447723134357,0.0006596493438685404,1.2307639087648103
DVN,6.664815,0.26279,2.071,1.6586783,36.25,35.9900016784668,14350200,73.69080555470697,1.0632585509378447,1.3385102471658457,-0.001046865151106085,0.5045207327142586
DXCM,47.127274,0.32061002,1.173,15.346359,79.5,77.76000213623047,4716900,43.95883253336519,0.27779429250891796,1.771152042869285,-0.0015062189688303668,0.3607421881140641
FANG,10.079008,0.122650005,1.875,1.3669285,174.88999938964844,174.77000427246094,2725200,72.4884362067188,1.504857142857143,1.2621193103312938,0.000381830355999335,0.4947595777474211
DLR,140.92682,0.01956,0.609,2.7997804,177.24000549316406,173.33999633789062,2781400,32.04971203525378,0.23867069486404835,0.9221107344013934,0.0006519315289866842,0.9171941519340264
DFS,11.571624,0.20263,1.402,2.4669526,174.02999877929688,169.63999938964844,1567600,37.247067415236295,0.6363636363636364,1.330632055566961,0.0012035928292204044,1.1187741766286734
DG,11.775578,0.20882,0.449,2.3225386,71.19000244140625,71.36000061035156,4668600,28.442607419687672,3.43258785942492,2.263845418812145,-0.0021509416244794074,0.20399725319575662
DLTR,N/A,-0.12983,0.874,2.1721642,70.91000366210938,72.9000015258789,2703800,49.31601275833438,9.275195113674924,1.4957122910250151,-0.0025397832111697534,0.4234760439415071
D,19.701107,0.085030004,0.596,1.7128649,54.459999084472656,53.38999938964844,4196300,43.65509528746322,0.1233140655105973,1.4557156780840899,0.0009071341796572897,-0.017396575201234953
DPZ,24.758768,N/A,0.859,N/A,410.0,402.3299865722656,600400,27.019920446781462,3.3306878306878307,1.5409623437347413,-0.0003985711211119639,0.702925642769569
DOV,16.664246,0.2911,1.218,4.421544,185.0,183.63999938964844,1072000,23.126276638998537,22.76923076923077,0.7314500184983473,0.00029212313603197847,0.8977287801726814
DOW,25.666666,0.05863,1.222,1.4719938,38.720001220703125,38.5,7833500,30.489757075575934,2.3607547169811323,1.2051572922926679,-0.001539686800190794,0.6177330530828282
DHI,9.526867,0.19631,1.744,1.7475902,139.0,136.52000427246094,3523300,29.826885305971302,2.0535714285714284,2.827242634962815,-0.0008931048096927534,0.8253687156388625
DTE,16.12737,0.13638,0.683,2.1263824,120.13999938964844,119.0199966430664,1082800,43.08088494151119,0.7818181818181819,0.8193403497314452,0.0005713982787215082,0.10472209321331044
DUK,19.007181,0.088369995,0.457,1.6970971,107.47000122070312,105.87000274658203,2998100,36.669473889112155,5.900579950289975,1.4993306596848062,0.0006398044204032642,0.008987829238766874
DD,56.796875,0.02187,1.338,1.2547896,73.63999938964844,72.69999694824219,2879000,13.55844508178874,7.13627254509018,1.9682128854122674,-0.0005050581022741356,0.72961925929771
EMN,11.694369,0.15925,1.459,1.787705,87.13999938964844,87.23999786376953,1176200,17.894246886404122,5.594594594594595,0.6572918975830078,-0.0003870483608723131,0.7549547921612298
ETN,36.36315,0.20079,1.01,7.05869,342.8900146484375,341.45001220703125,1828000,43.398165533495735,1.5601436265709157,1.560842680963587,0.00017095100991180502,1.6176479022622754
EBAY,16.599497,0.35851002,1.337,5.8603826,68.70999908447266,65.9000015258789,8233700,58.286056589627,0.5130733944954129,1.0913883362129408,0.001759102519176377,0.547622201063256
ECL,32.264046,0.25164,1.141,9.792821,231.77000427246094,229.72000122070312,1254300,30.946865027474477,0.35678391959798994,1.1129763741526886,0.0003526858549182582,0.49330940201498097
EIX,19.005848,0.07411,0.935,1.7951834,69.1500015258789,65.0,13045500,7.979049442441192,7.794330183435242,1.2633757133314345,-1.1573660306504914e-05,0.18953548554640895
EW,28.34749,0.19139,1.12,4.536579,73.43000030517578,73.41999816894531,3473400,45.536077614568015,0.8791029561671764,1.7841396084056182,-0.0003211487712544123,0.743922935804077
EA,36.115387,0.13962,0.781,5.003375,142.75999450683594,140.85000610351562,2296000,8.670154195596755,0.38954012623985573,0.9630274414062501,-0.0002479649790861708,0.5822428907606018
ELV,13.870088,0.15504,0.853,2.0194128,381.239990234375,381.1499938964844,1779900,57.15775378370271,0.3184885290148448,1.9041204792349677,-0.001106445615684576,0.391146889997494
EMR,41.822697,0.05933,1.292,3.108183,118.44000244140625,117.94000244140625,3736100,21.29887528242207,1.2943294329432944,1.4311694934692383,0.00012125722417574334,1.1757229441041945
ENPH,145.08694,0.06312,1.767,9.679478,68.98999786376953,66.73999786376953,2861300,37.66437550858943,1.3324576068784333,2.9311360549411525,-0.002225654749923972,1.171614643278682
ETR,18.537712,0.11951,0.701,1.0866745,76.44999694824219,76.19000244140625,3089000,58.253282577628525,0.02718052738336714,0.5498637551540799,0.001979730560463063,-0.009247633465783472
EOG,10.606134,0.24908,1.289,2.509309,131.27999877929688,131.41000366210938,4882800,74.27718377763821,3.839622641509434,0.9362625419571375,0.000363096447148104,0.33214896321482346
EPAM,29.339401,0.13094,1.457,3.5999553,226.24000549316406,225.6199951171875,615300,22.95368571839804,8.382352941176471,1.7946395620023285,-0.0014019084218151665,0.8105247935255052
EQT,65.333336,0.018229999,1.069,1.4368237,49.58000183105469,49.0,10525900,72.83608301219134,0.23874643874643875,0.9158269643668241,0.0007373715163396904,0.7575285168984819
EFX,54.300003,0.11927,1.594,6.1671844,243.1699981689453,244.35000610351562,1206400,31.13081662927418,0.22852133255406196,1.4475297573644463,-0.0006465656069368679,1.0282699182909152
EQIX,81.28546,0.08267,0.701,6.389658,924.3300170898438,899.8300170898438,780900,30.55329960409729,1.7131782945736433,0.5964933601333618,0.00021339793892870143,0.7599879639966637
EQR,28.261606,0.08361,0.913,2.3447456,67.1500015258789,66.9800033569336,2038100,29.45793499529013,2.6164383561643834,1.7312859753417968,0.00011731669791946502,0.5287352256188843
ERIE,36.37757,0.31418,0.454,10.448555,397.1499938964844,389.239990234375,108700,31.938539038357085,0.4,0.9225740067138674,0.00044245538503199144,0.5489449099108347
ESS,31.764017,0.10176,0.897,3.2158484,270.1499938964844,271.8999938964844,1105500,33.01022818126706,2.7674418604651163,1.376441948161878,4.214223601432029e-05,0.6420299234718918
EL,131.1607,0.03857,1.044,5.1864142,72.37999725341797,73.44999694824219,4701100,30.923035861692174,0.33673359819607,2.483018281744462,-0.002892225582526659,0.9414438206251737
EG,5.515993,0.20858,0.629,0.991285,362.4800109863281,353.5199890136719,612100,40.46170271141916,0.36639118457300274,0.9703727641465931,-0.0003804732572963521,0.5574108327035511
EVRG,16.18919,0.08733,0.608,1.3740739,60.560001373291016,59.900001525878906,1513300,30.669118159495863,4.764705882352941,0.5803752900390625,0.0006683262759238323,0.10908698881284437
ES,N/A,-0.03491,0.622,1.3455725,55.959999084472656,55.630001068115234,3693800,29.251456606472736,0.6974789915966386,2.027102903900146,0.00022658817738805296,0.032682338445336
EXC,15.349793,0.0933,0.61,1.4078659,38.04999923706055,37.29999923706055,7690600,50.22017273501822,2.167741935483871,1.3897647714468147,0.00042756821012775295,0.011870494671466118
EXPE,23.43303,0.38564998,1.785,17.561642,182.25999450683594,180.1999969482422,1488600,34.88976269469689,1.0617433414043584,1.2691752816356312,0.00015889803932641483,0.9960496485784891
EXPD,21.265106,0.30290002,0.974,6.4791827,112.0,109.08999633789062,2136500,26.647860428664504,0.7368421052631579,0.793460962262835,-0.0006980821479701186,0.4488714983932668
EXR,39.24866,0.05568,0.886,2.220961,147.24000549316406,146.7899932861328,1449900,37.45347964166806,1.5454545454545454,0.8855530110248767,-0.0003379224853764728,0.6195975565374122
XOM,13.267747,0.14513999,0.88,1.7433565,108.69999694824219,106.54000091552734,19301200,37.04918294854806,0.8762742835160607,1.0677989231726241,0.00035605490278138054,0.1955328453996958
FFIV,26.60251,0.19117,1.05,4.721258,256.07000732421875,254.32000732421875,789900,44.93838824173806,1.360655737704918,0.6948411999511719,0.0007776396440333808,1.006738126173189
FDS,32.474552,0.30411,0.752,8.990097,450.489990234375,453.0199890136719,320000,21.368371555989235,1.1111111111111112,0.6865537197440011,-0.0004976786221641933,0.6375643342734296
FICO,93.45175,N/A,1.352,N/A,1944.6800537109375,1917.6300048828125,111500,22.48693520116607,1.2147651006711409,2.038199390021733,0.0010721868028614372,1.1797309485832634
FAST,35.636814,0.32698002,0.979,11.407867,72.16000366210938,71.62999725341797,2774100,27.88184383090064,1.2079453755431409,0.9774474119995117,5.2147725339929396e-05,0.7976613397096071
FRT,29.54942,0.09324,1.258,2.925601,102.9000015258789,101.6500015258789,698100,21.650687748168437,0.918918918918919,0.5638878247070312,-5.258196222458327e-05,0.4278039940415353
FDX,17.299042,0.1507,1.177,2.3979416,274.510009765625,270.7300109863281,1474200,36.1259325034035,0.8118545127974854,1.4990734777467642,0.00012497260355809456,0.5669371617555911
FIS,79.51546,0.03034,1.074,2.527692,78.51000213623047,77.12999725341797,2431900,19.447002611013943,0.09854755583320318,1.7365661382791269,0.0006331154082910114,0.5565586234846231
FITB,13.706666,0.119160004,1.231,1.4896392,41.84000015258789,41.119998931884766,6443300,23.754959298710627,0.5493050959629384,2.117621175488281,0.0003231803273491483,0.8255643225315897
FSLR,16.285715,0.17964001,1.481,2.6679826,190.52000427246094,189.24000549316406,1410500,48.46674014491579,0.601468882875918,1.794721204118871,0.0003546110228731653,1.0158456957654176
FE,24.980646,0.083050005,0.495,1.7956686,39.540000915527344,38.720001220703125,4248400,32.914787752883996,0.5226130653266332,2.0198199312337235,0.000301092838132636,0.10711953949163554
FI,38.783363,0.10618,0.919,4.118432,203.83999633789062,200.50999450683594,3114300,38.18937912827169,11.648,0.9186714550490604,0.0010860704977987737,0.6971030845705002
FMC,4.0680885,0.38454,0.853,1.3435019,49.7400016784668,49.59000015258789,1183000,41.182584718502056,6.285714285714286,1.9791044003662108,-0.0007936819099454651,0.7611618073476973
F,10.965909,0.0799,1.636,0.8654708,9.670000076293945,9.649999618530273,73284100,33.464933454546845,0.726508120649652,1.276408013961227,-0.0012105143167539848,1.135977054641737
FTNT,47.517586,3.1152499,0.995,79.73019,95.44000244140625,94.55999755859375,4018700,40.94510100148623,0.298371335504886,1.166710443725586,0.001350184788093971,0.7549388264420249
FTV,30.112,0.08615,1.174,2.4741995,75.87000274658203,75.27999877929688,2433100,42.775911874018476,0.1781609195402299,1.3234417614746092,-0.0004996097313622007,0.9899988965727465
FOXA,11.782395,0.17711,0.77,1.9566364,48.720001220703125,48.189998626708984,3441100,49.10911336652253,2.694915254237288,1.321154280970982,0.0017245578642566008,0.31024007737069575
FOX,11.212713,0.17711,0.77,1.8620327,46.4900016784668,45.86000061035156,818800,51.584423555924836,0.5365853658536586,1.4801458455403644,0.001838613340673611,0.3065867113585629
BEN,22.494118,0.04321,1.402,0.8003684,19.469999313354492,19.1200008392334,5529500,25.10296529184757,0.43261802575107294,1.9158011545138889,-0.0018869665561723828,0.8778787889836707
FCX,28.246376,0.16870001,1.91,3.1919425,40.5,38.97999954223633,11966900,40.3345871369976,0.6559812353401094,1.348539059448242,-0.0008617337384806608,1.1378957957852287
GRMN,26.610687,0.21909,0.983,5.3536053,209.0,209.16000366210938,742300,42.962222870348654,3.265625,1.2784462388610838,0.001843125100379614,0.6860072191826638
IT,36.088562,1.30419,1.322,35.59729,492.69000244140625,489.0,478500,39.12873629115381,0.5263157894736842,0.6685752912902833,-0.00047474435440011107,1.1306353530145092
GE,33.930832,0.22552,1.188,9.845175,172.39999389648438,171.69000244140625,5130600,57.56514005646021,0.3641040717330589,0.9762277066937614,0.0011781631905790307,1.2264620528329218
GEHC,23.221918,0.21853,N/A,4.655864,85.37999725341797,84.76000213623047,3792000,65.21602837512019,1.4209714726291442,1.208342016063017,-0.00015063761504326124,0.9190026862370269
GEV,86.990524,N/A,N/A,10.637805,363.20001220703125,367.1000061035156,2385200,65.12814978429796,0.687089715536105,1.2401405697893415,0.004007946988585204,2.0108320496289327
GEN,27.171717,0.2766,1.054,7.8978276,26.829999923706055,26.899999618530273,3139000,19.91049541908725,1.8871794871794871,1.272598033558239,0.0002968893768322265,0.6927967787359856
GNRC,32.8,0.123780005,1.367,3.8876953,156.66000366210938,157.44000244140625,822900,36.26135688273393,1.7197149643705463,1.9088218646403718,0.00023147640373229823,1.1884719533302928
GD,19.769817,0.16952999,0.614,3.0995915,260.5199890136719,259.3800048828125,1708700,40.50287878540322,0.2507002801120448,1.834311674423218,-0.00014767442083550775,0.5318336237683602
GIS,12.717392,0.24168,0.107,3.4806926,60.20000076293945,58.5,5937000,17.225707007258972,0.4364390795926066,2.487853807866714,0.00022049421446529468,-0.2025027991478679
GM,5.320171,0.14167,1.414,0.773036,50.779998779296875,49.849998474121094,7845400,37.81711771083573,0.8333333333333334,0.9194578033447266,0.0008598907211302451,0.8968902285337181
GPC,14.956129,0.24416,0.933,3.4324381,115.2300033569336,115.91000366210938,1245000,34.99815789755107,0.3333333333333333,0.5292667051478795,-0.0009104001788000921,0.6150858173713968
GILD,998.6666,0.00561,0.192,6.061914,90.19000244140625,89.87999725341797,7861600,37.77917642846075,0.18524212144504226,0.9012744054361979,0.00029217242827648887,0.1813600205734541
GPN,19.945282,0.06064,0.979,1.1789175,108.93000030517578,105.70999908447266,2161700,23.389946531357154,2.0170454545454546,1.9934668216631488,-0.0012580746639919967,0.8701651506083581
GL,9.527119,0.23546,0.807,2.0424774,112.77999877929688,112.41999816894531,772600,66.17607846187045,3.8524590163934427,0.6169026979864212,0.0007612900003273004,0.28937893701621487
GDDY,15.478331,N/A,1.114,75.86939,194.75999450683594,192.86000061035156,1051600,29.44767911882891,1.6611111111111112,0.6570423202853732,0.0018331134746141624,0.9252700728033736
GS,16.422289,0.1017,1.342,1.7093444,576.25,560.0,2816700,34.292114185305394,1.0968999443103769,1.1403638375936236,0.0009097261303674391,1.1439549580762922
HAL,9.43007,0.26293,1.905,2.299821,27.479999542236328,26.969999313354492,12315500,38.01525954748872,6.2491289198606275,1.1588579713076637,-0.0013379719453314402,0.7070398056035417
HIG,10.673695,0.19740999,0.936,1.8541902,107.20999908447266,106.30999755859375,2819000,30.37621902417167,1.0549019607843138,0.8606269240993923,0.0008260970136185401,0.5049759212982425
HAS,N/A,-0.36224997,0.619,6.181188,56.86000061035156,57.040000915527344,1167900,29.9620247615508,0.7613488975356679,2.0842248089414652,0.00045645570302555447,0.5189644825431297
HCA,13.603774,11.954511,1.689,N/A,309.0,302.82000732421875,2417600,45.766758739700066,4.0028129395218,2.5908817268829343,0.0001868433937567289,0.39942240791484984
DOC,40.122448,0.04085,1.117,1.6058155,19.959999084472656,19.65999984741211,4556000,36.04207101467589,0.6111111111111112,2.7519566772460933,-0.00017177534897541138,0.5948250837574212
HSIC,28.553278,0.06334,0.867,2.489192,70.58000183105469,69.66999816894531,1096000,36.07778675070434,0.027439024390243903,1.2782743977050781,-0.0005004420869636918,0.5371944649867186
HSY,18.183908,0.43405998,0.374,7.612723,162.1999969482422,158.1999969482422,3027800,20.240251179624167,0.999514091350826,2.2454761774889627,-0.0004784083033980878,0.07843311509566102
HES,16.617271,0.2885,1.16,4.0416055,142.24000549316406,142.41000366210938,2253000,68.91848193658399,0.4780114722753346,2.0655229473716337,-0.0002981922829583918,0.508202477055237
HPE,11.440414,0.086660005,1.206,1.2985181,21.829999923706055,22.079999923706055,26471500,54.53746849011435,0.2828796743831086,1.89781089875252,0.0002876987197255579,1.4540646667767472
HLT,51.539616,N/A,1.307,N/A,242.27999877929688,240.69000244140625,1387400,30.950767236044463,2.2481751824817517,0.9116200670479438,0.0004178895170223212,0.9289393452213286
HOLX,21.596386,0.13846,0.986,3.2674077,72.08999633789062,71.69999694824219,2147900,37.3080466876128,0.57,0.725318244357639,-7.098484457109677e-05,0.1662518542294996
HD,26.451155,4.04933,1.011,66.77342,388.9100036621094,389.8900146484375,5321500,34.78955650839075,0.4970348406226835,0.944217161271159,-0.00015629167381316588,0.7484865464445606
HON,25.19515,0.31865,1.025,8.151151,219.97000122070312,218.19000244140625,3585100,29.446139169265713,10.068902991840435,1.1401001942086724,-4.246860530155512e-05,0.6118436287073824
HRL,20.442177,0.10005,0.254,2.0945144,30.280000686645508,30.049999237060547,3194500,21.83822354005678,0.2309217046580773,1.3733114010416663,-7.989663376595105e-07,0.12274295354624577
HST,16.582525,0.105229996,1.344,1.7787961,16.6299991607666,17.079999923706055,6579100,33.22887742862672,11.415094339622641,1.9454473439941407,-0.0012610698000120378,1.0444894359559413
HWM,43.32308,0.25719,1.293,10.310297,113.80000305175781,112.63999938964844,2474000,49.26892134553844,0.5132530120481927,1.9774247439049026,0.0020279680024527756,1.2828282821007684
HPQ,11.814947,N/A,1.087,N/A,33.11000061035156,33.20000076293945,6221600,44.17631219662122,1.0414593698175787,1.3774705684621709,-2.7054299860292076e-05,0.9004843000216354
HUBB,30.212078,0.25344,0.899,7.0156255,424.05999755859375,420.25,570405,35.56742150844149,0.02050113895216401,0.7521043186950683,8.458048643668987e-06,1.5211030672435393
HUM,23.47644,0.078379996,0.52,1.8443189,268.0,269.0400085449219,1659400,57.95997637353878,1.3244601638123603,1.7098120660199172,-0.0020648140248577217,0.38005811476658113
HBAN,15.553399,0.08545,1.057,1.2779197,16.40999984741211,16.020000457763672,16406500,31.832416276249504,0.17142857142857143,3.925226112467448,0.0005026758394549006,0.9538266303256207
HII,10.741662,0.17666,0.548,1.7690432,188.00999450683594,190.02000427246094,370200,49.018762257956325,0.07379518072289157,0.6080613530273438,-0.001445999706131843,0.7785063547872132
IBM,32.033527,0.26729,0.71,8.311271,222.0,219.75,3570300,35.51684918127689,0.5047476939772111,1.2878355409349713,0.0008347260890783088,0.786529514161979
IEX,31.941088,0.13592,0.952,4.094604,206.0399932861328,206.02000427246094,511100,27.418863114877077,0.4722222222222222,0.8783542917209203,-0.0006382108365849566,0.862953571031357
IDXX,40.313404,0.59424,1.357,21.196066,427.25,418.04998779296875,694900,44.37083950509568,0.6462585034013606,1.1164118408813475,-0.0018015997392189964,1.0342082604733418
ITW,21.18512,1.08036,1.109,21.327179,245.11000061035156,244.89999389648438,1152600,14.343010868204617,0.07291666666666667,0.5492598785400391,-0.00046835044631700134,0.5687280947203341
INCY,783.7778,0.00802,0.71,4.288667,72.20999908447266,70.54000091552734,2046000,48.98345904955982,0.0670147954743255,1.1113312556152342,0.00037493224456562266,0.44160280174135474
IR,42.44878,0.08479,1.422,3.4185817,88.25,87.0199966430664,2452200,18.588401561853086,0.07222222222222222,0.8736089139229911,-0.0004031310829573611,1.2348758401847428
PODD,46.308346,0.48786,1.219,17.054394,268.17999267578125,271.8299865722656,557000,57.00635596895211,2.5925925925925926,0.8525112007904053,0.0005464130027653968,0.8767928008577571
INTC,N/A,-0.15597,1.026,0.82904017,19.65999984741211,19.149999618530273,71156700,38.39899063617605,0.7246988333087196,1.7151532378791359,-0.004761433284981147,2.0927860518902683
ICE,33.91924,0.09408,1.092,3.0098643,144.7899932861328,142.8000030517578,3979400,15.449585129653153,0.4660271782573941,1.4006238970455045,0.00024037132728895643,0.49722849879625836
IFF,N/A,-0.1453,1.238,1.4080266,80.69000244140625,81.36000061035156,1512200,20.845290565149394,4.973509933774834,2.1508665786743166,-0.0001026874495863791,0.4728130097507505
IP,46.23077,0.04797,0.988,2.1776237,54.75,54.09000015258789,4910300,48.64852424375869,0.040721649484536084,1.2482537946608974,0.0015424823861278124,0.3386005821132741
IPG,12.566038,0.21792999,1.09,2.6634672,27.040000915527344,26.639999389648438,6783700,16.94876208054645,0.8686131386861314,1.4850285234917535,-0.0009798727650177292,0.6507847529102758
INTU,60.586006,0.16597,1.246,9.477501,618.8400268554688,623.4299926757812,2390000,36.74757687034805,0.39887825800065985,1.0197877491378784,-0.0008086901886771003,1.2329700631163516
ISRG,87.73557,0.15973,1.389,12.5138855,540.5599975585938,547.469970703125,1732300,58.226307933351514,0.5467806841046278,1.114731669446505,0.0008723898017164609,0.989700598112934
IVZ,N/A,-0.00944,1.424,0.68437564,16.75,16.360000610351562,3796400,24.97897205593171,0.6814814814814815,2.8962091385323663,-0.0008089403356793714,1.1996976013786091
INVH,42.055553,0.04369,1.014,1.8706369,30.1299991607666,30.280000686645508,3806000,25.442564628675328,1.5405405405405406,3.2765661895345044,-0.0007754210811716269,0.6644554195302875
IQV,26.746054,0.22001,1.513,5.298319,202.7100067138672,203.27000427246094,1633800,60.54546719795186,0.4933078393881453,0.5446218039957683,-0.001028130018107188,1.140346085979554
IRM,281.0,0.54398996,1.023,N/A,100.43000030517578,101.16000366210938,1718000,32.76407699764567,0.05773713466021158,2.046082273050944,0.0013326097949665295,0.7824950042414357
JBHT,31.631577,0.14192,1.141,4.3931637,174.94000244140625,174.2899932861328,671200,44.88810646432147,2.5047169811320753,1.608145891749064,-0.0009503231720719951,0.9445143549432917
JBL,14.530689,0.60295,1.245,10.076616,152.47999572753906,153.8800048828125,1266400,76.94650283084944,0.8341463414634146,0.6975763654327393,-0.00020548416476935997,1.363030027225425
JKHY,31.444242,0.22278,0.636,6.5188556,172.14999389648438,172.0,679700,37.330451852032034,0.5384615384615384,0.6327185166015625,-6.625139398664309e-05,0.3642978192318011
J,27.630482,0.093260005,0.702,2.4853528,131.91000366210938,132.35000610351562,713100,40.2464781852348,0.8571428571428571,1.643264946044922,0.00015344576126484813,0.7979770979629885
JNJ,23.480991,0.20889,0.518,4.874417,141.0,142.05999755859375,8820100,38.500037638412756,1.3793043779200553,1.038721039442905,-0.00027962168092449146,-0.05487714513787631
JCI,37.81731,0.0805,1.306,3.2508163,79.2300033569336,78.66000366210938,3036200,35.835702576905625,1.5972461273666092,1.8577120639564253,0.0004187697174332476,1.2193810522615447
JPM,13.333519,0.16216,1.091,2.083109,243.08999633789062,239.8699951171875,10255600,49.208177658971145,0.10986794647194782,1.3513922046436981,0.0009132492237765628,0.8064729961941721
JNPR,50.592106,0.055760004,0.921,2.7403607,38.439998626708984,38.45000076293945,2253900,76.15928307211172,0.4786995515695067,1.3804530642218338,5.116659370182284e-05,0.14824511311479752
K,27.26087,0.26036,0.395,7.6976113,81.41000366210938,81.51000213623047,1821100,71.919651214716,0.007344524990461656,1.2032816210095636,0.0020889827132162552,-0.3068938956533063
KVUE,37.909092,0.098809995,N/A,3.7533755,20.899999618530273,20.850000381469727,11057100,24.064115850924573,1.0047169811320755,2.42406636875,-9.059020073640665e-05,0.25397228272833866
KDP,18.301205,0.09052,0.634,1.6503693,30.8700008392334,30.3799991607666,9825200,23.22715990494722,0.9739130434782609,2.208402235253906,-3.669130641871331e-05,0.11008629467375342
KEY,Infinity,0.0096700005,1.231,1.1547759,16.899999618530273,16.719999313354492,16165300,29.869326786401057,0.20913956360642239,2.209639066840278,3.471018887979253e-05,1.2205735726031586
KEYS,45.826706,0.18031,0.981,5.351846,162.1199951171875,161.30999755859375,722800,41.043288239593664,1.2972972972972974,0.6783080236002604,-0.000775973470556746,1.452414761408236
KMB,16.121761,2.30998,0.412,32.3021,125.2300033569336,124.45999908447266,2280000,24.81521176689059,0.2616789603090973,1.391655617910532,0.0002443426664565427,0.06874729105144352
KIM,40.11111,0.03829,1.485,1.3874831,21.59000015258789,21.65999984741211,5053000,20.86902507522688,0.2405857740585774,3.339602250976563,8.056994810179397e-05,0.531189965368549
KMI,24.920355,0.083500005,0.907,2.0575771,28.489999771118164,28.15999984741211,11911700,65.34291265748372,0.4332514332514332,1.7489962176316787,0.0017281636904928946,0.4772039243447476
KKR,43.631577,0.08284,1.606,5.1930866,145.72999572753906,140.92999267578125,3968600,31.705072784171637,2.229900786862812,2.2253219876158474,0.0011487796336629304,1.6459927568843675
KLAC,31.247026,0.90577006,1.29,25.677982,683.9000244140625,683.0599975585938,1254500,65.9786072783522,1.5645514223194747,2.096507167432205,-0.0007903063982790839,2.254421447811661
KHC,25.684685,0.027999999,0.475,0.7132136,29.43000030517578,28.510000228881836,14242200,21.217249072675266,1.6028354222313541,1.1861040017903648,-0.0007756975273607902,0.10144841442634964
KR,15.640211,0.24285999,0.471,4.7917004,58.79999923706055,59.119998931884766,5927000,35.78623019281451,0.31572038070233016,1.2970054436125578,0.0009395119390074255,0.2932230615143606
LHX,32.903633,0.06258,0.726,2.078062,207.5800018310547,208.27999877929688,1745200,35.74936661250452,0.4726027397260274,0.8014426185021034,-3.8176659353050384e-05,0.3088038476098356
LH,44.02277,0.05432,1.036,2.3767326,231.39999389648438,232.0,626900,55.36790150155926,0.44285714285714284,0.4553887469482422,-5.9851195470278615e-05,0.45524033133128217
LRCX,24.158577,0.49116,1.486,11.38478,76.0199966430664,74.6500015258789,11955000,46.10105443791072,1.402169775409212,1.503774335763114,-0.0013997575982083736,2.2723651649599654
LW,23.909449,0.37015,0.715,4.8802633,60.20000076293945,60.72999954223633,3063200,30.27394432015445,2.62004662004662,3.101028249664307,-0.00271732700189038,1.2079894435152236
LVS,23.371286,0.45166,1.117,9.98942,48.66999816894531,47.209999084472656,4816100,24.341072459387,1.3967935871743486,1.4497562790697676,-0.0005019424128974731,0.7784025889004332
LDOS,17.001139,0.27035,0.688,4.318576,145.75,149.44000244140625,1540800,53.9973248826248,1.6075949367088607,0.7544589355468749,0.0009087099638843962,0.49670184561539416
LEN,9.047486,0.15878001,1.619,1.2819853,132.8699951171875,129.55999755859375,4573500,10.780936446272566,2.335928809788654,2.6692954799595165,-0.0010960769278865316,0.82500175483572
LII,28.981474,1.65014,1.078,28.82945,617.780029296875,610.0599975585938,319900,36.59343095905271,0.55,0.679992058759417,0.000504163667409175,1.212799222954995
LLY,86.19613,0.65318,0.43,50.546604,791.9299926757812,799.9000244140625,3971400,58.28913073887686,0.7570516447102562,1.8221625527297474,0.0002799546016567883,0.8818068095198407
LIN,31.446468,0.1619,0.949,5.034096,415.6099853515625,414.1499938964844,2642600,33.079581450073526,2.3037475345167655,1.7318562563154432,-0.0002182355600750899,0.5014898134586954
LYV,144.39325,0.35808998,1.334,102.31687,129.58999633789062,128.50999450683594,2083500,29.89021989500326,1.8125,1.9158179504220145,0.0006487316211613798,1.0331472923755425
LKQ,13.383764,0.117740005,1.286,1.5196714,36.0099983215332,36.27000045776367,3043800,37.38990872096563,0.4782608695652174,0.7587929248046875,-0.0013190264718079218,0.6363509832801736
LMT,16.95219,0.81037,0.481,15.341877,468.0,468.04998779296875,1127400,27.57832643163436,0.9717931497649429,1.0160522873298157,0.0003103847168191184,-0.010629049313509473
L,10.788564,0.10669,0.818,1.0233221,82.41999816894531,81.12999725341797,861000,34.290304324745684,1.0,0.5384567639160156,0.0002549759955421652,0.5249512668454916
LOW,20.623959,N/A,1.098,N/A,247.0,247.89999389648438,2537800,33.18135008169678,3.2921440261865795,1.4041279397759074,-1.914022327487684e-05,0.7297818421000356
LULU,28.57442,0.43159,1.237,11.794865,391.760009765625,395.4700012207031,1321800,56.42580851295894,0.6408569817703439,1.3557953847722897,-0.0015573952867704226,1.1449424142380489
LYB,10.998483,0.1586,1.091,1.7160717,72.80000305175781,72.4800033569336,3955800,35.311729602767926,4.358752166377816,2.441320661648837,-0.0012299595721879835,0.5407382511879116
MTB,13.886834,0.08676,0.732,1.1779283,190.4199981689453,187.75,1445500,34.117058209563226,16.242857142857144,1.2739539165210725,0.0009403066956414983,0.8147847514472595
MPC,11.037238,0.21053,1.371,2.4421937,144.25999450683594,142.27000427246094,3593100,49.918335211508015,0.7537799359894052,2.1770311581645285,-0.0005707588680311349,0.5269173974703946
MKTX,29.155617,0.21625,1.053,5.8633356,217.1699981689453,215.4600067138672,480700,18.10513838037326,1.625,0.8999972457885742,-0.0010056116477051105,0.5119630139668552
MAR,28.322176,N/A,1.585,N/A,273.1700134277344,270.760009765625,1317600,30.315022134147977,0.5257548845470693,1.0175690144775391,-3.507947997203405e-05,1.0270879649190734
MMC,25.784218,0.32048,0.937,7.5014353,209.57000732421875,209.11000061035156,2234900,37.72876427037751,0.22959183673469388,1.6210604485379732,0.00020024010095694953,0.29747817840698704
MLM,15.773953,0.23437001,0.897,3.3909254,511.79998779296875,508.7099914550781,356800,28.644400445206205,0.6947368421052632,1.3682482293750398,-0.0006224817202147778,1.0213160160372305
MAS,19.18351,5.70874,1.25,N/A,72.61000061035156,72.12999725341797,1629100,32.66969906784808,23.175,1.732059176534017,-0.0002224205659345307,0.7266847892016316
MA,38.174736,1.7757801,1.101,62.405098,512.1199951171875,504.6700134277344,2815500,27.538963121276325,0.38449131513647644,1.088912578299386,0.0002849634087309686,0.616777996924209
MTCH,13.816143,N/A,1.487,N/A,31.329999923706055,30.809999465942383,4091800,40.09963319265449,3.1354857307581434,1.5752638313802083,-0.0011086675408776676,0.8522454637214607
MKC,24.282312,0.15067,0.764,3.5336337,73.77999877929688,71.38999938964844,2026400,13.516459415133761,0.2467289719626168,1.661167209396362,0.0006482127243702254,0.04639430644735584
MCD,24.807556,N/A,0.735,N/A,287.5,282.30999755859375,3945100,27.982758588738612,3.1166340508806263,1.2780408323049546,-0.0002463224319865041,0.34356311652826693
MCK,30.12636,N/A,0.436,N/A,588.969970703125,581.739990234375,597100,54.64207602748952,1.760432766615147,1.2883633640944787,0.0008405739876613675,0.07967454707949675
MDT,24.666668,0.07948,0.853,2.1064453,82.0,80.66000366210938,7067300,46.06140807654942,0.5135492399206874,1.2173685249647983,-0.00032766585555708106,0.3167765976399859
MRK,20.763597,0.28332,0.411,5.646905,99.20999908447266,99.25,11328500,48.953415245826,2.0081380208333335,1.2644649169217623,-0.0006851647250570256,0.21924210393571816
META,29.063707,0.36134,1.215,9.447735,610.030029296875,615.8599853515625,19236800,51.32984427807891,0.43329366950300474,2.2189943781203,0.0009219263478600968,1.5404042300697587
MET,16.277891,0.13260001,1.039,1.8023582,82.27999877929688,80.25,3814600,42.782823085793034,0.7980582524271844,1.0789992003203601,0.000290674968665321,0.7229936196127402
MTD,32.676468,N/A,1.159,N/A,1221.0400390625,1210.989990234375,163000,36.19597167272775,0.9607843137254902,1.589709739720771,-0.0004962017517613495,0.9990682990734582
MGM,11.422939,0.2901,2.241,2.9276135,32.310001373291016,31.8700008392334,5906200,21.87902472122161,0.5068526676456192,1.360544814690484,-0.0020743314849772723,1.3035500540637723
MCHP,38.326385,0.118030004,1.526,4.722341,55.47999954223633,55.189998626708984,7632800,30.043477466294853,0.9878787878787879,1.3659252424225983,-0.002886813949028326,1.7827682648028396
MU,28.464182,0.01743,1.179,2.441086,98.12000274658203,99.33999633789062,20487200,54.93970202340798,0.5257844631712157,1.846212589397666,-0.0006825691885356971,2.2044724943972906
MSFT,34.59538,0.35604,0.904,10.82754,424.6300048828125,418.95001220703125,20186800,30.884712868132564,0.6511447900057278,1.2940240951041289,-0.0005470192403020782,1.1831699469606374
MAA,33.301125,0.08611,0.874,2.911681,147.6699981689453,148.19000244140625,813900,34.69336529256761,0.5416666666666666,0.6545992960611979,0.00024192305182405054,0.45128540939109035
MRNA,N/A,-0.17524,1.69,1.3638271,42.76499938964844,42.25,6404700,50.79477586399812,0.298530652700947,2.4643771349939123,-0.004032626820507488,1.283208627818867
MHK,13.328443,0.07457,1.389,0.94929177,119.27999877929688,118.08999633789062,597400,32.824674897896244,1.1891891891891893,1.088381877354213,-0.00017579797402234867,1.0981410653488233
MOH,14.558778,0.26454002,0.586,3.4185746,298.04998779296875,286.0799865722656,722800,38.12485750009975,0.4947916666666667,1.5120501415068528,-0.0009362402083697598,0.25210886777694413
TAP,11.81081,0.071669996,0.827,0.8114381,54.900001525878906,52.439998626708984,2681600,17.860852756903324,5.055837563451776,2.1961793488487826,-0.0006389252216949241,0.36559528103276107
MDLZ,19.94681,0.13552,0.561,2.700432,57.52000045776367,56.25,11668000,20.074042745162213,2.458994708994709,2.0798091605870863,-0.000870838724215059,0.16278226744819135
MPWR,66.655014,0.20214,1.148,12.263384,611.4600219726562,591.22998046875,1076900,40.501152311799515,1.9681159420289855,0.9751780105430202,-0.0014905210817607573,2.6067925452982257
MNST,31.884617,0.23517,0.742,8.369511,51.2400016784668,49.7400016784668,6706100,24.478309703420077,0.46741344195519346,2.8969869803121813,-0.0005875223540755274,0.20590527012601806
MCO,41.31478,0.54016,1.289,21.01499,463.6700134277344,452.80999755859375,1131500,29.904996588638916,4.487804878048781,1.180120738869944,0.00027542802053176496,0.834305040566505
MS,18.761398,0.11079001,1.336,2.119459,126.30999755859375,123.44999694824219,6873200,41.73404773472497,0.44255538382277176,1.2340759459960937,0.0007093085782152571,1.0759395504693572
MOS,21.973452,0.03346,1.36,0.6683895,24.75,24.829999923706055,4432700,43.748092928481114,4.9941176470588236,1.2203000779215496,-0.0015769251068351309,0.7795508694105168
MSI,49.755196,1.82528,0.979,57.30145,459.1199951171875,455.260009765625,604400,34.9733956318624,0.3662551440329218,0.6411299252771449,0.001097505228653688,0.6261747256188747
MSCI,37.876972,N/A,1.11,N/A,589.530029296875,575.72998046875,448000,27.379075058914214,18.86111111111111,0.57018658984375,2.7486216543423127e-05,0.5925542924908215
NDAQ,45.710842,0.10888,0.96,3.9389534,77.81999969482422,75.87999725341797,3434600,33.82263232931407,9.8,1.2026617178853354,0.0008678767368101902,0.6180307697746733
NTAP,21.414366,1.2042199,1.225,20.90239,116.79000091552734,116.27999877929688,1359900,40.21591009054142,0.036770520322631665,1.3595797028895784,0.0003096198492992428,1.3351697707638148
NFLX,47.380657,0.34714,1.25,15.759976,866.4000244140625,837.6900024414062,4800100,18.037770623864272,1.1149449303047487,2.3366187299630723,0.001483153354277347,1.1224554002800369
NEM,N/A,-0.05159,0.531,1.5054674,39.77000045776367,39.099998474121094,10011000,47.85109340745015,0.5343327533128095,1.1026383748570885,-1.1312157317926782e-05,0.6195116410589432
NWSA,43.51613,0.04916,1.351,1.8609463,27.360000610351562,26.979999542236328,2397000,24.269476316040898,3.6666666666666665,1.084407845982143,-0.00018628794538320427,0.9048883536851495
NWS,48.209675,0.04916,1.351,2.0616636,30.170000076293945,29.889999389648438,575000,27.151674395668,2.0,1.721683908691406,4.734779835904683e-05,0.8949878454218356
NEE,19.994064,0.09887999,0.561,2.7683961,69.98999786376953,67.37999725341797,16260700,22.216214748535368,2.068551367331855,1.6185744670995075,0.0006271969970192245,0.2523158230085694
NKE,21.975307,0.3798,1.035,7.415894,71.8499984741211,71.19999694824219,15659800,16.55746186602045,0.6623390184476158,1.2350492982508772,-0.0018443966593163026,0.6068021277545396
NI,21.969511,0.08756,0.507,2.014988,36.2400016784668,36.029998779296875,3781000,43.97302022668843,0.3113207547169811,1.442874962565104,0.0012854171330493388,0.2101554925041192
NDSN,24.706171,0.17406,0.907,4.009858,199.7100067138672,200.1199951171875,595500,15.447544307321007,1.1578947368421053,1.0293736876220703,-0.0015155327008915722,0.9071641208764356
NSC,21.925024,0.18303,1.302,3.839425,233.85000610351562,233.94000244140625,1022500,35.15551775219694,0.7217705510388437,1.7408523116204675,-0.0003343182206550747,0.8443835369524693
NTRS,12.386052,0.13732,1.073,1.6617101,101.0,99.45999908447266,969100,28.762108518306217,0.0981067125645439,1.2108196593093872,0.00037924033944165033,0.7622273966606702
NOC,28.24446,0.15484,0.346,4.535064,461.3599853515625,458.69000244140625,626400,37.88475431932271,1.8076923076923077,1.4024249926875187,6.158615914171697e-05,0.030141785589131276
NCLH,22.622808,0.69788,2.682,9.988381,25.049999237060547,25.790000915527344,7842800,42.50564800665011,0.4948609431680774,1.9574632251572026,0.0006508633339300687,1.5796332524999175
NRG,24.601484,0.31931,1.088,10.892055,98.95999908447266,99.38999938964844,3233100,64.97780943386826,1.5804878048780489,1.7098862626795612,0.002039724705367952,1.1257775152681964
NUE,11.372474,0.13221,1.567,1.3552324,116.72000122070312,118.16000366210938,2644000,37.34538537640412,4.414832925835371,1.3893532370310815,-0.0019880861228858786,0.9545012831171115
NVDA,53.719368,1.23767,1.657,77.930046,137.4499969482422,135.91000366210938,207114200,46.08257683515749,0.9290267608713684,4.3156150550593,0.001941572284748894,2.679621546765525
NXPI,19.765774,0.29555,1.494,5.5831604,209.6300048828125,206.75,2510200,37.024773429399396,1.275053304904051,2.5182483541670004,-0.001298806405375337,1.7540696213213416
ORLY,29.672943,N/A,0.92,N/A,1196.0400390625,1197.5999755859375,308200,36.244093340631935,0.6296296296296297,0.4340373369293212,0.0006379006252836271,0.46810425938132166
OXY,14.054794,0.13118,1.608,1.8239352,52.20000076293945,51.29999923706055,10904700,73.16785471929593,0.4567371539483093,1.0625932403938139,-0.0006682509288207376,0.4340169900709066
ODFL,30.84091,0.30241,0.989,9.031845,176.88999938964844,176.41000366210938,1045700,24.521059192734075,1.486988847583643,3.264508371625628,-0.0010559925060093416,1.1010287498909666
OMC,11.211748,0.33923998,0.968,4.052239,83.12999725341797,82.06999969482422,3532400,20.160285779876823,1.1794871794871795,1.501559718055725,-0.0006960858575494976,0.7814202806914398
ON,13.384614,0.2183,1.654,2.6746664,56.380001068115234,53.939998626708984,17556200,21.041711048218488,3.440526446486218,1.8454289775224166,-0.0024052203606929634,2.0830336097090116
OKE,21.557205,0.16875,1.625,3.5197868,102.8499984741211,101.75,3023600,47.715592900087316,0.8821192052980132,1.6599173868761563,0.0012719119869248176,0.620026943041692
ORCL,37.77506,1.55578,1.013,48.907883,159.1999969482422,154.5,13587200,17.379007400046085,0.6719885618968188,1.9119430399900494,0.0007874595386573658,1.3791061645855278
OTIS,22.579601,N/A,0.942,N/A,90.66000366210938,90.7699966430664,2227600,18.095619949848768,1.9573170731707317,2.1099060154052736,-0.0002013636518460836,0.6616735651420943
PCAR,11.921701,0.27142,0.89,2.9938204,106.86000061035156,106.58000183105469,2559900,45.14030658067085,3.8948247078464107,0.9993405198875631,4.802500951087596e-05,0.8950622654680614
PKG,26.61027,0.18972,0.777,4.7696233,226.8300018310547,228.0500030517578,1101200,41.87885242669972,11.205128205128204,1.1115909186150048,0.0009874634211807687,0.5106385147840303
PLTR,336.30002,0.12409,2.697,33.93542,66.01000213623047,67.26000213623047,77960200,34.99633606887289,0.888678318242437,3.0073448805497334,0.00441456406208586,2.3067268233825904
PANW,45.044155,0.74517995,1.118,10.905546,171.8000030517578,173.4199981689453,5725000,22.11181610722898,0.770671433012123,5.473808822555542,-0.0004928253865485931,1.312447403124135
PARA,N/A,-0.30080998,1.767,0.42037705,10.529999732971191,10.479999542236328,10085800,40.11440728120366,0.7343368592351506,2.049417192871094,-0.0008483285338065792,0.5815590649214885
PH,28.40577,0.24641001,1.432,6.2907124,635.4099731445312,630.0399780273438,612800,31.450429134904518,1.0841121495327102,0.46449574366519325,0.0003193948334068457,1.3152940828930135
PAYX,29.214283,0.45672,0.987,13.174798,140.77000427246094,139.05999755859375,1904000,47.06691631483881,2.7583081570996977,1.045361255244502,0.0003530967871089219,0.5537364661858086
PAYC,24.337349,0.32584998,1.139,7.504551,197.38999938964844,202.0,554000,27.359245023584283,0.91,2.341822777113481,-0.000471455284368034,0.8674697544276175
PYPL,19.942585,0.22188,1.436,4.1567764,86.79000091552734,83.36000061035156,11335900,33.089560598287314,0.41633922329629003,1.4510329350333377,0.000691783392130984,1.1006008561047653
PNR,24.2425,0.20408002,1.189,4.5794573,98.2300033569336,96.97000122070312,1066400,21.465289426496863,0.5953533397870281,0.5313095323350695,0.0006315248828737529,0.9656538999675159
PEP,21.038347,0.48819,0.542,10.067759,145.0,142.63999938964844,9628700,20.453134930637482,3.4175844346549193,1.4358802524300507,-0.00034221210921847297,0.02073294594635352
PFE,35.626667,0.04538,0.615,1.6404715,26.8700008392334,26.719999313354492,32821600,61.138380278081144,0.9525379515234955,1.1522589712801845,-0.00010111632266622035,0.2472122684230639
PCG,13.4140625,0.10674,1.035,1.3676916,17.969999313354492,17.170000076293945,74307900,20.547851029318597,1.4988335925349923,2.551494855735086,0.00022040846427994463,0.26022152399730036
PM,18.595238,N/A,0.56,N/A,120.0,117.1500015258789,5363400,26.414394023617355,0.23354419558898956,0.8385950555826822,0.0012063376174283025,0.07011318786718654
PSX,14.550447,0.11121,1.319,1.6381729,115.13999938964844,113.93000030517578,4525800,37.52375402615985,0.8181818181818182,2.3763679358249234,-0.0006850933481078527,0.546494953379483
PNW,15.368421,0.09578,0.518,1.4041595,83.0199966430664,81.76000213623047,1256800,18.4846541856958,0.5164835164835165,1.4437904861450197,0.0007358539229868428,0.18573662179445868
PNC,15.978023,0.099020004,1.121,1.5174528,192.8800048828125,189.02000427246094,2253200,29.090683736258296,1.3288135593220338,2.2251229575447415,0.0005322056439603552,0.7988389361154322
POOL,28.017168,0.31463,1.008,8.677389,320.92999267578125,326.3999938964844,529700,24.01738792701094,0.39622641509433965,2.87827738624124,-0.0011775889356995094,0.8153161416638748
PPG,17.908228,0.19149,1.254,3.371563,114.19999694824219,113.18000030517578,1475700,23.249236902303448,4.9815950920245395,2.484140918449402,-0.0012829037355056314,0.5469889128557931
PPL,28.585585,0.05864,0.834,1.6611695,31.940000534057617,31.729999542236328,3820200,37.422552500823876,0.019436595598938265,1.4546423958740236,0.0008061266233613745,0.09376797629989683
PFG,N/A,-0.01274,1.203,1.5576731,77.30000305175781,76.33999633789062,900500,35.89621130806703,1.0147058823529411,1.1217811547851562,-0.0004460384278450601,0.7165029227977086
PG,27.337929,0.28766,0.414,7.3150024,160.14999389648438,158.55999755859375,8500900,19.739845102132914,1.7264618434093162,1.3189843586194838,0.0004580968172690266,-0.01720269491505037
PGR,17.12282,0.36411,0.366,5.0818543,237.22999572753906,235.61000061035156,3692300,44.436108946272725,0.006000947038682888,1.535846384521484,0.0013794215496140782,0.2505241943606296
PLD,31.296072,0.05662,1.094,1.8099065,104.0,103.58999633789062,4230700,36.46847633747599,3.0601503759398496,1.8540557124837238,-0.0013287126391047857,0.7805392387998304
PRU,10.189502,0.13773,1.282,1.3402375,117.02999877929688,114.52999877929688,1997200,31.789511737209107,0.4168819982773471,2.0047107045173647,5.1470377344194594e-05,0.8732091557472507
PEG,20.695332,0.13,0.626,2.606207,84.91999816894531,84.2300033569336,2524900,42.02107116150911,0.12023809523809524,0.707035215731534,0.001261214263673377,0.37065364929184696
PTC,58.45513,0.12775,1.174,6.8151417,182.22000122070312,182.3800048828125,858900,25.11957696151067,0.10320284697508897,0.9986429547119141,-0.0005590213374918606,1.039836195900092
PSA,29.947151,0.19163999,0.69,9.620493,291.2900085449219,288.989990234375,883100,30.176476684573565,0.027124773960216998,0.938317393137614,-7.603494293834882e-05,0.4607968011033618
PHM,7.941697,0.26705,1.641,1.9110962,109.6500015258789,107.61000061035156,2040900,32.11848406330242,1.1504424778761062,2.736591912636757,-0.00046174811299298785,0.9565832839695637
PWR,57.83764,0.12696,1.009,6.544058,309.30999755859375,313.4800109863281,825600,36.4999739330139,4.100418410041841,1.4498182014822454,0.0005238014735346548,1.6022676605430266
QCOM,17.578947,0.42253,1.286,6.650004,157.6999969482422,156.97999572753906,6236000,47.98274672449505,0.8241362371049615,1.153979715983073,-0.0008174147125168769,1.9445258923507929
DGX,20.40188,0.13224,0.891,2.4967513,152.5399932861328,151.7899932861328,936000,42.263290575923754,0.8397683397683398,0.5691266232299805,0.0004328516455566605,0.2664981489866891
RL,22.625359,0.28424,1.504,6.034733,241.6999969482422,237.33999633789062,693700,59.764778749637586,0.021937347657307937,1.75701654361301,0.0014898119140288398,1.042019403579711
RJF,15.897939,0.19348,1.002,2.8513582,157.5,154.2100067138672,1189200,40.163848765317766,1.3870967741935485,0.6449829805501301,0.0009521018933562376,0.775602944354825
RTX,33.268787,0.073460005,0.54,2.5070238,115.83999633789062,115.11000061035156,4287300,43.80331883966213,0.6706377014716188,1.1684854092630523,0.0011667305600414973,0.24793179811230126
O,49.209526,0.02513,0.996,1.1758682,52.0099983215332,51.66999816894531,5843100,32.49161996595253,0.9646840148698885,1.5792139760561343,-0.0003351397647483153,0.14906898272817107
REG,32.466984,0.0583,1.218,1.904538,69.08000183105469,68.83000183105469,1133000,27.100934662382382,1.3888888888888888,1.2368900660923547,0.0002805373021927716,0.3364387344576113
REGN,17.24097,0.17166,0.142,2.561682,721.3300170898438,696.8800048828125,1117200,33.691824543617045,2.1762870514820594,1.6431004953191053,-0.0014300284625440893,0.7120638834568932
RF,13.028249,0.10042,1.182,1.2379878,23.459999084472656,23.059999465942383,6557600,29.48538747088992,0.40298507462686567,1.5285811703330594,0.000493072382052724,0.9260544884647426
RSG,33.006397,0.18284,0.707,5.7558594,207.13999938964844,206.2899932861328,1315600,55.6326851776748,0.06375227686703097,0.5181419604492188,0.0007014126859688997,0.3634718045199497
RMD,31.051792,0.23565,0.687,6.6062045,232.27000427246094,233.82000732421875,1043300,44.0553890111391,2.156862745098039,1.1379972402162903,0.0006417971751309776,0.9016720859481253
RVTY,54.228573,0.03308,1.056,1.7551321,114.0,113.87999725341797,641200,47.967505270417675,0.052434456928838954,0.7542993320312501,-0.00039558944878371127,0.8355409049941764
ROK,33.019325,0.25539,1.359,8.839028,274.3800048828125,273.3999938964844,837100,22.931366255559087,0.44680851063829785,1.0539786361533718,-0.001260458237897919,1.3571049271485083
ROL,47.51546,0.38792,0.701,16.938625,46.0,46.09000015258789,1338900,30.322218388250654,1.2236842105263157,1.694570023049747,-1.382828617798134e-05,0.4243084438721935
ROP,37.04569,0.08238,1.029,2.9113579,507.4700012207031,502.7099914550781,575600,18.326621822837406,0.05303030303030303,0.7743362897745768,-0.0008256963749171275,0.8339982724724507
ROST,23.933754,0.43236,1.1,10.440347,152.3000030517578,151.74000549316406,2809600,47.82878980633745,2.864951768488746,0.8934846146334134,3.879195647479611e-05,0.6541809473940524
RCL,22.717718,0.44263,2.6,8.661552,224.16000366210938,226.9499969482422,2505600,30.362789966778593,0.24183869419107057,2.4637382981567386,0.0014689693106455903,1.3716561260421714
SPGI,42.5679,0.099309996,1.183,4.406551,489.1199951171875,482.7200012207031,1183900,30.382249518588264,1.4370370370370371,1.0105581357224782,3.8657219989894566e-05,0.6479006054799468
CRM,52.364086,0.09734,1.288,5.174435,322.7699890136719,317.8500061035156,6537500,21.648322214212826,1.0229357798165137,1.8194149673042297,-0.00017983012972971847,1.3627576501666192
SBAC,30.403784,N/A,0.672,N/A,195.0800018310547,192.75999450683594,1108900,27.08906584381935,2.3333333333333335,0.8499264878627233,-0.0007559136372698004,0.2690117899665185
SLB,12.418007,0.21722999,1.532,2.5352852,39.56999969482422,38.619998931884766,15272600,42.131049541756894,3.6368467670504874,1.1956732867282776,-0.001374240767469261,0.7786342737925585
STX,22.963825,N/A,1.07,N/A,87.44000244140625,88.87000274658203,2201900,36.06853741635791,0.18734047983665136,1.4921425116854583,-0.0004253896644266942,1.1836527893889617
SRE,17.34141,0.09734,0.759,1.7301775,81.86000061035156,78.7300033569336,8190700,19.00708075566695,0.24061810154525387,0.8673872387695314,0.0003365190977736535,0.300267421609847
NOW,158.84805,0.16221,0.986,22.754063,1039.1300048828125,1024.5699462890625,1577300,26.461854365564264,1.127051101734646,3.4133996574597574,0.00045236018082220157,1.4062256207805064
SHW,32.884464,0.64452004,1.175,19.907146,330.010009765625,330.1600036621094,1685200,24.014410309440475,13.661538461538461,1.1881649024563745,-6.8743008093901e-05,0.787252556272063
SPG,22.734043,0.81232,1.768,20.874239,172.36000061035156,170.9600067138672,2010300,40.399571038109414,0.031019775106630478,1.4063034136439736,0.0003703535446706017,0.7696968816229529
SWKS,24.444443,0.12777,1.205,2.2746758,92.13999938964844,90.19999694824219,3539800,51.30348606198717,3.3465866466616654,1.8371683083199166,-0.0014439167638582344,1.5562074353418658
SJM,20.383839,0.10090999,0.246,1.3926655,104.5999984741211,100.9000015258789,1405500,18.359035879173643,9.00326797385621,2.7452093174882375,-0.0005747568803001377,0.08066869437100825
SW,71.90278,N/A,1.034,1.4927912,52.09000015258789,51.77000045776367,2242300,39.74600030561698,0.03006012024048096,1.2227984402901786,0.0008185135304905795,0.8970985347006405
SNA,17.096657,0.20599002,0.954,3.189002,333.1700134277344,332.5299987792969,332200,26.070834975193346,1.542857142857143,0.5184238696289063,0.00019323381378324892,0.7979319993067562
SOLV,176.5,0.09747,N/A,3.6299183,68.9800033569336,67.06999969482422,1166300,41.3307691537098,1.2934782608695652,1.4641633250325519,-0.00017238830096168997,0.5370727216476485
SO,18.955711,0.12713,0.509,2.6758802,82.30000305175781,81.31999969482422,5002300,42.23596871827889,1.2788844621513944,1.5844397074538008,0.0008626464986649812,-0.010337955718963603
LUV,N/A,-0.00447,1.153,1.9079441,33.04999923706055,33.119998931884766,9647500,46.29029179057186,1.1693121693121693,1.355214267865349,2.7184321459708003e-05,0.807714692702683
SWK,N/A,-0.02031,1.255,1.3935481,79.72000122070312,80.08999633789062,1605800,40.42021581695708,4.5291479820627805,1.2718582987607758,-0.0011132899894878525,0.8525964676292634
SBUX,27.87009,N/A,0.962,N/A,92.19000244140625,92.25,6549100,43.268285520332164,0.3812316715542522,1.0547224077860513,-0.0002826259332356892,0.7166019416743692
STT,14.719436,0.0855,1.48,1.2005727,96.6500015258789,93.91000366210938,2530800,31.698192275506905,0.09760866295683561,1.082696706779234,0.0005832589293610907,0.7186182498032349
STLD,10.461331,0.19703,1.325,1.9603977,115.06999969482422,116.33000183105469,1744300,38.66536695111607,0.06058921623123958,1.6967376766788258,-0.0005437148972396841,1.0350965715732954
STE,34.57815,0.092700005,0.851,3.0800326,206.4499969482422,205.74000549316406,343800,45.50037989792376,0.375,0.7254268682861329,-0.0005725861947020162,0.5088243487176215
SYK,39.233906,0.18868,0.92,6.9181724,361.6199951171875,365.6600036621094,1313800,48.96766892586277,2.0480225988700567,1.3234422094690235,0.0002488575306321447,0.5815691986761763
SMCI,16.218904,0.32469,1.279,3.497854,32.29999923706055,32.599998474121094,29698900,43.88765037443223,0.8595247603833865,2.3185571548350783,-0.0002866295729691956,3.291466475407251
SYF,8.281818,0.21279,1.593,1.6818757,64.88999938964844,63.77000045776367,2962500,35.1419811393968,0.2703583061889251,1.7588304942908655,0.0014282016117688659,1.2422553223267372
SNPS,53.190063,0.21819,1.076,9.8140955,496.8900146484375,492.5400085449219,1281600,45.34686931276683,14.621538461538462,1.7719462048055359,-0.0014976815509388048,2.0207996092284617
SYY,18.917736,0.88346,1.2,16.375166,74.47000122070312,73.58999633789062,2460200,18.871437845931485,0.6336949585194639,1.0893799783833822,-0.00013406586542609702,0.31860987882900405
TMUS,24.0935,0.16087,0.496,3.8301191,212.6300048828125,211.3000030517578,4175400,23.625197716051805,0.8700183936235438,2.015160719012451,0.0010266503770458356,0.2668716991036295
TROW,11.889376,0.20495,1.423,2.3527246,111.26000213623047,108.55000305175781,2164000,22.67915902510854,0.08101147272301569,1.2242766106967269,-0.0006209311992885284,1.1575709582721367
TTWO,N/A,-0.50913,0.85,5.4058714,181.89999389648438,178.61000061035156,1420400,35.45354715727933,0.5201109570041609,1.1436100973112684,-6.373801168617127e-05,0.7813091620739951
TPR,19.463768,0.29924,1.556,5.2469134,68.0,67.1500015258789,4858600,63.71551598741218,1.050825921219822,1.3760967376387747,0.0019277646230626997,0.9260773076397766
TRGP,34.954792,0.33885,2.237,16.396643,194.0,193.3000030517578,1800500,71.56446784209129,1.7495559502664297,0.8292159149305557,0.0029484271545597773,0.6950335148682113
TGT,15.018026,0.33968,1.242,4.86767,138.74000549316406,141.6199951171875,5881200,70.03151567764614,0.5463260927862698,1.220404364403034,-0.00021226505492374703,0.5701694118375725
TEL,13.62766,0.26461,1.328,3.4205608,142.00999450683594,140.91000366210938,1267000,31.412263032918943,0.5060240963855421,1.224512418428309,-0.00037023268027937825,0.9468787132655675
TDY,23.097166,0.103140004,1.007,2.217935,458.07000732421875,456.3999938964844,186200,37.07125896955412,0.09090909090909091,0.5395079144287109,-0.0003104376672415127,0.6804998929471402
TFX,34.576237,0.05412,1.177,1.8094863,175.4199981689453,174.61000061035156,757300,36.62111442505754,0.5777777777777777,1.4025178896789554,-0.0016620967664400426,0.5834799680494704
TER,42.729298,0.19206,1.515,7.5329847,136.2899932861328,134.1699981689453,1928800,61.842779113969605,0.5267665952890792,1.010339901869032,-0.0005797334606910366,2.32376982525257
TSLA,108.7438,0.20389,2.295,18.102356,391.3999938964844,394.739990234375,62127500,41.23983736878169,0.9999251095992211,1.940513788634944,0.0008483325623831143,2.45002698152618
TXN,35.343864,0.29293,0.98,10.04278,192.91000366210938,190.14999389648438,7223500,49.434701182050574,1.5647272727272727,1.620534260546096,-0.0003444514388415618,1.3394289696310646
TPL,66.68017,0.445,1.589,28.41079,1287.949951171875,1300.9300537109375,139400,70.44675262524042,1.5602836879432624,0.8948043964031075,0.003299553420027122,1.069575918948126
TXT,16.55361,0.12597999,1.244,2.0188947,75.37000274658203,75.6500015258789,1261700,27.434445817018222,0.676923076923077,0.6173872021484375,-0.0008205717237054064,0.9327091832545547
TMO,34.021957,0.12944001,0.792,4.2340183,541.760009765625,542.3099975585938,2919900,62.99593670096277,2.8869565217391306,1.2206964519523853,-0.0004483021730438866,0.5941990856038996
TJX,28.316038,0.66199,0.893,18.63707,121.4800033569336,120.05999755859375,4355200,34.8824304616825,2.370422535211268,0.9413104659631115,0.0005611960187402569,0.5992715595534186
TSCO,26.5,0.5058,0.814,2.5502195,54.2400016784668,54.59000015258789,6356700,49.23838858398954,2.3188054882970137,1.1834831281014375,0.000574935340963273,0.7123537981023087
TT,34.598167,0.35146,1.221,11.187185,383.67999267578125,377.1199951171875,985200,40.24312902795589,1.8272727272727274,1.090175418334961,0.0010255471841769336,1.0412203688054313
TDG,49.262684,N/A,1.423,N/A,1273.449951171875,1262.1099853515625,266900,49.21741406003616,1.4266409266409266,0.8966008038623515,0.0003360209391853598,1.0270157942039304
TRV,11.931725,0.19059,0.63,1.9050233,238.0,232.42999267578125,1818500,28.381310434178094,5.620915032679738,1.2184694255065918,0.0006263872986864261,0.49361538475386135
TRMB,11.744147,0.28913,1.489,2.9359143,71.66000366210938,70.2300033569336,1714800,39.901932362856606,4.564417177914111,0.7444930203683036,0.00042476243748200805,1.254150398483464
TFC,N/A,-0.09505,1.035,0.9621916,43.31999969482422,42.779998779296875,8002200,30.569103432052504,0.6546546546546547,1.4197628479743727,0.00011676378339498601,0.9886117278709836
TYL,101.949005,0.077259995,0.771,7.3119435,569.4600219726562,559.7000122070312,229600,29.999148774445022,0.4,0.7297755061340331,0.000804739404785781,0.5788898527687673
TSN,24.12,0.044710003,0.775,1.0500755,54.900001525878906,54.27000045776367,3204800,14.02102707816428,19.670868347338935,1.7888873653971353,0.0003457999944173681,-0.04209830396442161
USB,14.578462,0.09779,1.04,1.420647,47.88999938964844,47.380001068115234,8528500,33.08799267467586,1.0492507397155675,1.263701708720439,-4.442259740171817e-05,0.9589960010643127
UBER,32.49754,0.34326,1.337,9.392084,64.5,65.97000122070312,30701400,69.0142807330761,0.589326018264523,1.753991010498047,-0.0007023194332857355,1.2436360332851342
UDR,105.5,0.02841,0.847,3.8111987,40.400001525878906,40.09000015258789,2787400,27.14301307673004,3.7333333333333334,1.6187093417697482,8.327536419746055e-06,0.5224422313276066
ULTA,16.7493,0.54978,1.326,8.8668165,410.0,418.2300109863281,941100,38.266319954587395,0.8506449422946368,1.387436270814216,-0.0011104631490913663,0.8320338488517615
UNP,20.69945,0.43396,1.056,8.241903,228.82000732421875,225.2100067138672,2711300,37.05629721810623,0.7870225013082156,1.296319807116699,-0.0004105241502036671,0.5525307804788966
UAL,12.766388,0.27245,1.393,3.0797322,109.47000122070312,107.11000061035156,14324100,70.99381334218897,1.0169120740429112,1.8552161748201883,0.0025540382087053835,1.3896049697032735
UPS,18.622356,0.31422,0.982,6.238235,125.01000213623047,123.27999877929688,5230200,37.2941477722692,2.569284802043423,0.9765715881587008,-0.0010936269379998322,0.5758833260239983
URI,17.545502,0.31401,1.682,5.1372085,654.0399780273438,670.9400024414062,697900,16.17126557460637,2.0724346076458753,2.028887118162609,-0.000362435588772901,1.6056494310998906
UNH,33.89909,0.15252,0.591,5.083821,526.6400146484375,520.6900024414062,5463400,54.39138536397914,0.5245057997059304,1.2626766916953194,-3.689632125197495e-05,0.1511253275697092
UHS,12.179093,0.16341,1.297,1.826779,188.88999938964844,182.92999267578125,767500,47.67217073939561,1.6389776357827477,1.1579327308146157,0.00043274338902079764,0.5382620569150488
VLO,11.182938,0.13797,1.374,1.5940176,128.22000122070312,127.1500015258789,3030300,56.290976820531576,0.639525993883792,1.2515575003173829,-0.0002688014515665909,0.5179449885612226
VTR,N/A,-0.00543,1.39,2.4655237,57.61000061035156,57.38999938964844,2119900,40.642068753309225,1.4074074074074074,1.012916778157552,0.0006905505785809989,0.3566192979299711
VLTO,30.895061,0.5368,N/A,12.662871,100.88999938964844,100.0999984741211,1272100,33.667368931361295,0.27049180327868855,1.3114415589815025,0.0006775149935547638,0.6642276510548799
VRSN,24.163363,N/A,0.911,N/A,211.00999450683594,207.0800018310547,635400,58.86687678506633,0.7272727272727273,0.6700397787911552,-0.00025838379798379595,0.5424903130302838
VRSK,41.51932,2.65609,0.862,126.772064,278.55999755859375,268.6300048828125,1139600,33.543856504958384,0.07099391480730223,0.5677533459472656,0.0005548130763467526,0.29583108940865943
VZ,16.367966,0.10431,0.418,1.6523906,38.18000030517578,37.810001373291016,27328800,19.214718341053835,0.6871966641602297,0.9770157404059332,0.0003774677153892757,0.010706071132999413
VRTX,N/A,-0.029849999,0.394,6.7532897,406.1700134277344,409.55999755859375,1687900,34.77520775922858,0.5387045813586098,2.1960295772118403,-0.0005970516439399167,0.6157586361836828
VTRS,N/A,-0.043449998,0.929,0.70377517,11.8100004196167,11.670000076293945,9525900,24.642472785914265,0.26576576576576577,2.823072774586397,-0.00018559964450461834,0.5343652698134839
VICI,10.448148,0.111899994,0.961,1.1313415,28.520000457763672,28.209999084472656,7471700,29.196513410445228,0.06092533211177279,2.0373086518554686,-0.0003655154823365831,0.38952442953560845
V,31.657406,0.50708,0.952,15.326493,311.20001220703125,307.7099914550781,6660100,34.5009027871529,1.2074183976261128,1.0725285986457072,0.000243431184342582,0.5871555342555662
VST,31.458488,0.30168,1.111,19.159964,161.5,166.72999572753906,9669600,72.62861551192863,0.1986493374108053,2.30213322279023,0.004581073513988844,2.064707612941715
VMC,39.388107,0.11133,0.805,4.2251844,253.0,251.69000244140625,506700,24.07431368382914,0.6666666666666666,0.7056260097434305,-0.0002500338626032358,1.0221861967760546
WRB,14.538462,0.20537001,0.621,2.5650306,57.099998474121094,56.70000076293945,2092700,29.47393831615153,0.8793774319066148,1.5101974520188937,0.0006617516916698067,0.27992747442857047
GWW,28.491608,0.52611,1.151,14.634241,1056.5,1052.47998046875,288900,29.26188085899956,0.2593235039028621,0.9904829348622198,0.0003362331529052359,0.8651187802569973
WAB,31.425955,0.103690006,1.272,3.195121,189.25,188.8699951171875,761300,35.703914343143566,2.588235294117647,0.9804212611607144,0.000901716343199864,0.9524379705661032
WBA,N/A,-0.75969005,0.669,0.97278523,10.600000381469727,11.760000228881836,103969500,72.35623526859702,0.47070211525557965,2.2376138459821426,-0.003448145764283869,0.546762203479987
WMT,38.429752,0.18531999,0.516,8.932002,92.48999786376953,93.0,18137100,52.1957064944335,0.3146353482260184,3.081101824292351,0.001995399758375793,0.3026427964601481
DIS,39.944855,0.0546,1.398,1.9608728,110.0,108.6500015258789,8824600,27.269698002144235,0.24858145276562568,1.079017820603391,0.0005274849096209889,0.5195077148971621
WBD,N/A,-0.27295,1.483,0.67761093,9.850000381469727,9.699999809265137,33327400,32.038707822180484,1.1872107698779975,1.8694441669170674,-0.0004957321901759206,0.8805871262182837
WM,31.64122,0.35025,0.747,10.425051,207.0,207.25,2564200,50.12351304719274,0.26605504587155965,1.2751332616489954,0.0003971459801349659,0.3334147833370178
WAT,36.22381,0.4964,0.973,14.085472,369.489990234375,380.3500061035156,585500,56.06330894056255,1.4761904761904763,0.8175217412894112,0.00017692580773289086,0.9744897389969001
WEC,22.83863,0.105220005,0.438,2.4458642,93.88999938964844,93.41000366210938,2397700,42.80719445815156,0.6086956521739131,1.269779508972168,0.0007813424235836551,0.0014329093615009995
WFC,14.544699,0.099139996,1.136,1.4214312,70.9000015258789,69.95999908447266,14463500,42.393969317447855,1.0704895556093232,1.6146482837422687,0.0010334421856670684,0.8459195483812655
WELL,79.47771,0.03417,1.194,2.5437791,125.12999725341797,124.77999877929688,3116200,43.194233096715344,1.6798418972332017,1.3542532643767324,0.0011921435813061435,0.37910508331826137
WST,49.291233,0.17778,1.003,8.738936,333.2200012207031,331.7300109863281,474600,55.18108482316895,11.710144927536232,1.0430959235818045,-0.0004905941815924625,0.6674725814694699
WDC,69.03297,0.033239998,1.394,1.8668647,63.11000061035156,62.81999969482422,4652500,42.7903359581206,0.9872476089266737,1.3319272716308594,-0.0002956661309177467,1.737233743223178
WY,37.38356,0.052989997,1.428,1.9979501,27.399999618530273,27.290000915527344,3529500,27.601767965147896,2.730769230769231,1.9808634803710936,-0.0011062609636147743,0.5777975032569835
WMB,23.525425,0.20583001,1.062,5.460805,56.439998626708984,55.52000045776367,6336300,55.20901305898553,0.03452726686027751,1.229443943926837,0.0016871176572693725,0.5716305201096525
WTW,N/A,-0.08361,0.742,4.2131057,310.4100036621094,312.9200134277344,594700,53.80053385419926,0.53125,0.46823349466959624,0.0008450859709920424,0.2593888423875066
WDAY,41.003284,0.21080999,1.352,8.152466,251.10000610351562,249.7100067138672,2011300,31.872417363470046,0.6118181818181818,1.5386406189716046,-0.0009991957952497621,0.9519135720110973
WYNN,9.741897,N/A,1.802,N/A,80.12000274658203,81.1500015258789,2654200,22.71264508837201,1.0132696390658174,2.6333362123157134,-0.0010706677739396393,0.8212161194818881
XEL,18.804155,0.10262,0.398,1.8799691,66.04000091552734,63.369998931884766,5441000,26.857786128064905,0.7324263038548753,1.294925496520996,0.0006236573758498907,-0.04269956582270622
XYL,32.764366,0.08081,1.05,2.6155577,114.37999725341797,114.0199966430664,1334500,22.72643260042976,2.0,1.533393074897317,-0.000602012177707316,0.9979792594553298
YUM,23.037384,N/A,1.095,N/A,125.81999969482422,123.25,2555000,17.59788167252715,5.2748091603053435,2.0731774980712885,-0.000300342958808652,0.4418974133696208
ZBRA,52.383152,0.11873999,1.645,5.808687,389.3800048828125,385.5400085449219,460000,40.13069620172969,0.45454545454545453,0.7432292880452475,0.0008393457500362263,1.2533387606123834
ZBH,19.950382,0.08713,1.021,1.6862106,102.0,104.54000091552734,2709300,44.958400171888506,0.08188757807078417,1.5891370629327946,-0.0010187191316989386,0.4438151947963184
ZTS,30.69925,0.47303,0.896,14.090243,163.60000610351562,163.32000732421875,3179500,34.72149232242799,8.318181818181818,1.7946729601593014,-0.001091966845422302,0.6194923404600735
